season,id,name,short_name,description,home_team,away_team,toss_won,decision,1st_inning_score,2nd_inning_score,home_score,away_score,winner,result,start_date,end_date,venue_id,venue_name,home_captain,away_captain,pom,points,super_over,home_overs,home_runs,home_wickets,home_boundaries,away_overs,away_runs,away_wickets,away_boundaries,highlights,home_key_batsman,home_key_bowler,home_playx1,away_playx1,away_key_batsman,away_key_bowler,match_days,umpire1,umpire2,tv_umpire,referee,reserve_umpire
2021,1254116,Delhi Capitals v Kolkata Knight Riders,DC v KKR,"Qualifier 2 (N), Indian Premier League at Sharjah, Oct 13 2021",DC,KKR,KKR,BOWL FIRST,,,96/4 (16.3/20 ov),,KKR,KKR won toss & fielded,2021-10-13T14:00Z,2021-10-14T23:59Z,59392,Sharjah Cricket Stadium,Rishabh Pant,Eoin Morgan,None,None,FALSE,,,,,,,,,,,,,,,,,,,,,
2021,1254117,Chennai Super Kings v Kolkata Knight Riders,CSK v KKR,"Final (N), Indian Premier League at Dubai, Oct 15 2021",CSK,TBA,,,,,,,KKR,Starts at 18:00 local time,2021-10-15T14:00Z,2021-10-16T23:59Z,392627,Dubai International Cricket Stadium,MS Dhoni,,,,,,,,,,,,,,,,,,,,,,,,,
2021,1254115,Royal Challengers Bangalore v Kolkata Knight Riders,RCB v KKR,"Eliminator (N), Indian Premier League at Sharjah, Oct 11 2021",RCB,KKR,RCB,BAT FIRST,138/7,139/6,138/7,139/6,KKR,KKR won by 4 wkts (2b rem),2021-10-11T14:00Z,2021-10-12T23:59Z,59392,Sharjah Cricket Stadium,Virat Kohli,Eoin Morgan,Sunil Narine,None,FALSE,20,138,7,12,19.4,139,6,13,"Narine stars with bat and ball, puts KKR in Qualifier 2, ends Kohli's tenure as RCB captain with defeat. It was one of the great IPL all-round performances, as Narine's 4 for 21 and 15-ball 26 swung, and changed, the match","Virat Kohli,Devdutt Padikkal","Yuzvendra Chahal,Mohammed Siraj","Devdutt Padikkal (UKN),Virat Kohli (UKN),Srikar Bharat (WK),Glenn Maxwell (AR),AB de Villiers (UKN),Shahbaz Ahmed (AR),Dan Christian (AR),Harshal Patel (BL),George Garton (AR),Mohammed Siraj (BL),Yuzvendra Chahal (BL)","Shubman Gill (UKN),Venkatesh Iyer (AR),Rahul Tripathi (UKN),Nitish Rana (UKN),Sunil Narine (AR),Dinesh Karthik (WK),Eoin Morgan (UKN),Shakib Al Hasan (AR),Lockie Ferguson (BL),Shivam Mavi (AR),Varun Chakravarthy (BL)","Shubman Gill,Venkatesh Iyer","Sunil Narine,Lockie Ferguson",11 October 2021 - night match (20-over match),Chris Gaffaney,Virender Sharma,Anil Chaudhary,Manu Nayyar,Sundaram Ravi
2021,1254114,Delhi Capitals v Chennai Super Kings,DC v CSK,"Qualifier 1 (N), Indian Premier League at Dubai, Oct 10 2021",DC,CSK,CSK,BOWL FIRST,172/5,173/6,172/5,173/6,CSK,Super Kings won by 4 wkts (2b rem),2021-10-10T14:00Z,2021-10-11T23:59Z,392627,Dubai International Cricket Stadium,Rishabh Pant,MS Dhoni,Ruturaj Gaikwad,None,FALSE,20,172,5,21,19.4,173,6,22,"MS Dhoni turns it on at the close, puts CSK in IPL 2021 final. Ruturaj Gaikwad and Robin Uthappa's century stand laid the base for CSK, rendering fifties from Prithvi Shaw and Rishabh Pant in vain","Prithvi Shaw,Rishabh Pant","Tom Curran,Anrich Nortje","Prithvi Shaw (UKN),Shikhar Dhawan (UKN),Shreyas Iyer (UKN),Axar Patel (AR),Rishabh Pant (WK),Shimron Hetmyer (UKN),Tom Curran (AR),Ravichandran Ashwin (AR),Kagiso Rabada (BL),Avesh Khan (BL),Anrich Nortje (BL)","Ruturaj Gaikwad (UKN),Faf du Plessis (UKN),Robin Uthappa (UKN),Shardul Thakur (BL),Ambati Rayudu (UKN),Moeen Ali (AR),MS Dhoni (WK),Ravindra Jadeja (AR),Dwayne Bravo (AR),Deepak Chahar (BL),Josh Hazlewood (BL)","Ruturaj Gaikwad,Robin Uthappa","Josh Hazlewood,Ravindra Jadeja",10 October 2021 - night match (20-over match),Richard Illingworth,Nitin Menon,Michael Gough,Javagal Srinath,KN Ananthapadmanabhan
2021,1254101,Royal Challengers Bangalore v Delhi Capitals,RCB v DC,"56th Match (N), Indian Premier League at Dubai, Oct 8 2021",RCB,DC,RCB,BOWL FIRST,164/5,166/3,166/3,164/5,RCB,RCB won by 7 wkts (0b rem),2021-10-08T14:00Z,2021-10-09T23:59Z,392627,Dubai International Cricket Stadium,Virat Kohli,Rishabh Pant,Srikar Bharat,"Royal Challengers Bangalore 2, Delhi Capitals 0",FALSE,20,166,3,18,20,164,5,18,"KS Bharat's last-ball six powers RCB home; Glenn Maxwell fires again. Batting slowdown costs Delhi Capitals, after their solid opening","Srikar Bharat,Glenn Maxwell","Mohammed Siraj,Dan Christian","Virat Kohli (UKN),Devdutt Padikkal (UKN),Srikar Bharat (WK),AB de Villiers (UKN),Glenn Maxwell (AR),Dan Christian (AR),Shahbaz Ahmed (AR),George Garton (AR),Harshal Patel (BL),Mohammed Siraj (BL),Yuzvendra Chahal (BL)","Prithvi Shaw (UKN),Shikhar Dhawan (UKN),Rishabh Pant (WK),Shreyas Iyer (UKN),Shimron Hetmyer (UKN),Ripal Patel (UKN),Axar Patel (AR),Ravichandran Ashwin (AR),Kagiso Rabada (BL),Avesh Khan (BL),Anrich Nortje (BL)","Prithvi Shaw,Shikhar Dhawan","Anrich Nortje,Axar Patel",8 October 2021 - night match (20-over match),KN Ananthapadmanabhan,Nitin Menon,Krishnamachari Srinivasan,Prakash Bhatt,Navdeep Singh
2021,1254088,Sunrisers Hyderabad v Mumbai Indians,SRH v MI,"55th Match (N), Indian Premier League at Abu Dhabi, Oct 8 2021",SRH,MI,MI,BAT FIRST,235/9,193/8,193/8,235/9,MI,Mumbai won by 42 runs,2021-10-08T14:00Z,2021-10-09T23:59Z,59396,"Sheikh Zayed Stadium, Abu Dhabi",Manish Pandey,Rohit Sharma,Ishan Kishan,"Mumbai Indians 2, Sunrisers Hyderabad 0",FALSE,20,193,8,25,20,235,9,38,"Kishan, Suryakumar blitz not enough to push Mumbai into the playoffs. Their tournament ends with a 42-run victory over Sunrisers Hyderabad","Manish Pandey,Jason Roy","Jason Holder,Abhishek Sharma","Jason Roy (UKN),Abhishek Sharma (AR),Manish Pandey (UKN),Mohammad Nabi (AR),Abdul Samad (UKN),Priyam Garg (UKN),Jason Holder (AR),Rashid Khan (BL),Wriddhiman Saha (WK),Siddarth Kaul (BL),Umran Malik (BL)","Rohit Sharma (UKN),Ishan Kishan (WK),Hardik Pandya (AR),Kieron Pollard (AR),Suryakumar Yadav (UKN),James Neesham (AR),Krunal Pandya (AR),Nathan Coulter-Nile (AR),Piyush Chawla (AR),Jasprit Bumrah (BL),Trent Boult (BL)","Ishan Kishan,Suryakumar Yadav","James Neesham,Jasprit Bumrah",8 October 2021 - night match (20-over match),Virender Sharma,Tapan Sharma,None,Narayanan Kutty,Ulhas Gandhe
2021,1254106,Kolkata Knight Riders v Rajasthan Royals,KKR v RR,"54th Match (N), Indian Premier League at Sharjah, Oct 7 2021",KKR,RR,RR,BOWL FIRST,171/4,85,171/4,85,KKR,KKR won by 86 runs,2021-10-07T14:00Z,2021-10-08T23:59Z,59392,Sharjah Cricket Stadium,Eoin Morgan,Sanju Samson,Shivam Mavi,"Kolkata Knight Riders 2, Rajasthan Royals 0",FALSE,20,171,4,19,16.1,85,10,11,"Clinical Knight Riders in line for final playoff spot after Royals demolition job. They enjoyed the perfect game on Thursday, keeping Royals to their second successive sub-100 total","Shubman Gill,Venkatesh Iyer","Shivam Mavi,Lockie Ferguson","Shubman Gill (UKN),Venkatesh Iyer (AR),Nitish Rana (UKN),Rahul Tripathi (UKN),Dinesh Karthik (WK),Eoin Morgan (UKN),Shakib Al Hasan (AR),Sunil Narine (AR),Lockie Ferguson (BL),Varun Chakravarthy (BL),Shivam Mavi (AR)","Yashasvi Jaiswal (UKN),Liam Livingstone (AR),Sanju Samson (WK),Shivam Dube (AR),Anuj Rawat (UKN),Glenn Phillips (UKN),Rahul Tewatia (AR),Chris Morris (AR),Jaydev Unadkat (BL),Chetan Sakariya (BL),Mustafizur Rahman (BL)","Rahul Tewatia,Shivam Dube","Rahul Tewatia,Glenn Phillips",7 October 2021 - night match (20-over match),Michael Gough,Saiyed Khalid,Yeshwant Barde,Manu Nayyar,Navdeep Singh
2021,1254094,Chennai Super Kings v Punjab Kings,CSK v PBKS,"53rd Match, Indian Premier League at Dubai, Oct 7 2021",CSK,PBKS,KXIP,BOWL FIRST,134/6,139/4,134/6,139/4,PBKS,Punjab Kings won by 6 wkts (42b rem),2021-10-07T10:00Z,2021-10-08T23:59Z,392627,Dubai International Cricket Stadium,MS Dhoni,KL Rahul,KL Rahul,"Punjab Kings 2, Chennai Super Kings 0",FALSE,20,134,6,15,13,139,4,19,"KL Rahul smashes six-studded 98* to keep Punjab Kings' dreams alive (just about). Punjab Kings get to fifth place with the win, but getting into the final four might still be a bit beyond them","Faf du Plessis,Ravindra Jadeja","Shardul Thakur,Deepak Chahar","Ruturaj Gaikwad (UKN),Faf du Plessis (UKN),Moeen Ali (AR),Robin Uthappa (UKN),Ambati Rayudu (UKN),MS Dhoni (WK),Ravindra Jadeja (AR),Dwayne Bravo (AR),Deepak Chahar (BL),Shardul Thakur (BL),Josh Hazlewood (BL)","KL Rahul (WK),Mayank Agarwal (UKN),Sarfaraz Khan (UKN),Shahrukh Khan (UKN),Aiden Markram (UKN),Moises Henriques (AR),Chris Jordan (BL),Harpreet Brar (BL),Ravi Bishnoi (BL),Mohammed Shami (BL),Arshdeep Singh (BL)","KL Rahul,Aiden Markram","Chris Jordan,Arshdeep Singh",7 October 2021 (20-over match),Richard Illingworth,Krishnamachari Srinivasan,Anil Dandekar,Javagal Srinath,Jayaraman Madanagopal
2021,1254095,Royal Challengers Bangalore v Sunrisers Hyderabad,RCB v SRH,"52nd Match (N), Indian Premier League at Abu Dhabi, Oct 6 2021",RCB,SRH,RCB,BOWL FIRST,141/7,137/6,137/6,141/7,SRH,Sunrisers won by 4 runs,2021-10-06T14:00Z,2021-10-07T23:59Z,59396,"Sheikh Zayed Stadium, Abu Dhabi",Virat Kohli,Kane Williamson,Kane Williamson,"Sunrisers Hyderabad 2, Royal Challengers Bangalore 0",FALSE,20,137,6,16,20,141,7,16,Bhuvneshwar ruins Royal Challengers' shot at a top-two spot. de Villiers had six runs to get off the last two balls but this time the ace finisher couldn't pull it off,"Devdutt Padikkal,Glenn Maxwell","Harshal Patel,Dan Christian","Virat Kohli (UKN),Devdutt Padikkal (UKN),Dan Christian (AR),Srikar Bharat (WK),Glenn Maxwell (AR),AB de Villiers (UKN),Shahbaz Ahmed (AR),George Garton (AR),Harshal Patel (BL),Mohammed Siraj (BL),Yuzvendra Chahal (BL)","Jason Roy (UKN),Abhishek Sharma (AR),Kane Williamson (UKN),Priyam Garg (UKN),Abdul Samad (UKN),Wriddhiman Saha (WK),Jason Holder (AR),Rashid Khan (BL),Bhuvneshwar Kumar (BL),Siddarth Kaul (BL),Umran Malik (BL)","Jason Roy,Kane Williamson","Umran Malik,Siddarth Kaul",6 October 2021 - night match (20-over match),Ulhas Gandhe,Sundaram Ravi,Chris Gaffaney,Narayanan Kutty,Tapan Sharma
2021,1254093,Rajasthan Royals v Mumbai Indians,RR v MI,"51st Match (N), Indian Premier League at Sharjah, Oct 5 2021",RR,MI,MI,BOWL FIRST,90/9,94/2,90/9,94/2,MI,Mumbai won by 8 wkts (70b rem),2021-10-05T14:00Z,2021-10-06T23:59Z,59392,Sharjah Cricket Stadium,Sanju Samson,Rohit Sharma,Nathan Coulter-Nile,"Mumbai Indians 2, Rajasthan Royals 0",FALSE,20,90,9,9,8.2,94,2,14,"Neesham, Coulter-Nile and Kishan demolish Royals. Defending champions keep IPL 2021 campaign alive by chasing down target in just 8.2 overs","Evin Lewis,David Miller","Chetan Sakariya,Mustafizur Rahman","Evin Lewis (UKN),Yashasvi Jaiswal (UKN),Sanju Samson (WK),Shivam Dube (AR),Glenn Phillips (UKN),David Miller (UKN),Rahul Tewatia (AR),Shreyas Gopal (AR),Chetan Sakariya (BL),Kuldip Yadav (BL),Mustafizur Rahman (BL)","Rohit Sharma (UKN),Ishan Kishan (WK),Suryakumar Yadav (UKN),Hardik Pandya (AR),Saurabh Tiwary (UKN),Kieron Pollard (AR),James Neesham (AR),Nathan Coulter-Nile (AR),Jayant Yadav (BL),Jasprit Bumrah (BL),Trent Boult (BL)","Ishan Kishan,Rohit Sharma","Nathan Coulter-Nile,James Neesham",5 October 2021 - night match (20-over match),Anil Chaudhary,Michael Gough,Jayaraman Madanagopal,Prakash Bhatt,Krishnamachari Srinivasan
2021,1254110,Delhi Capitals v Chennai Super Kings,DC v CSK,"50th Match (N), Indian Premier League at Dubai, Oct 4 2021",DC,CSK,DC,BOWL FIRST,136/5,139/7,139/7,136/5,DC,Capitals won by 3 wkts (2b rem),2021-10-04T14:00Z,2021-10-05T23:59Z,392627,Dubai International Cricket Stadium,Rishabh Pant,MS Dhoni,Axar Patel,"Delhi Capitals 2, Chennai Super Kings 0",FALSE,19.4,139,7,16,20,136,5,12,"Axar, Hetmyer key drivers in tight win for Delhi Capitals. Batting slowdown costs Chennai Super Kings, who've lost two in a row","Shikhar Dhawan,Shimron Hetmyer","Axar Patel,Ravichandran Ashwin","Prithvi Shaw (UKN),Shikhar Dhawan (UKN),Shreyas Iyer (UKN),Rishabh Pant (WK),Ripal Patel (UKN),Ravichandran Ashwin (AR),Shimron Hetmyer (UKN),Axar Patel (AR),Kagiso Rabada (BL),Avesh Khan (BL),Anrich Nortje (BL)","Ruturaj Gaikwad (UKN),Faf du Plessis (UKN),Robin Uthappa (UKN),Moeen Ali (AR),Ambati Rayudu (UKN),MS Dhoni (WK),Ravindra Jadeja (AR),Dwayne Bravo (AR),Deepak Chahar (BL),Shardul Thakur (BL),Josh Hazlewood (BL)","Ambati Rayudu,Robin Uthappa","Shardul Thakur,Ravindra Jadeja",4 October 2021 - night match (20-over match),Anil Chaudhary,Nitin Menon,Saiyed Khalid,Javagal Srinath,Anil Dandekar
2021,1254109,Kolkata Knight Riders v Sunrisers Hyderabad,KKR v SRH,"49th Match (N), Indian Premier League at Dubai, Oct 3 2021",KKR,SRH,SRH,BAT FIRST,115/8,119/4,119/4,115/8,KKR,KKR won by 6 wkts (2b rem),2021-10-03T14:00Z,2021-10-04T23:59Z,392627,Dubai International Cricket Stadium,Eoin Morgan,Kane Williamson,Shubman Gill,"Kolkata Knight Riders 2, Sunrisers Hyderabad 0",FALSE,19.4,119,4,17,20,115,8,12,"Bowlers and Shubman Gill boost KKR's playoffs chances. The Sunrisers bowlers made a good fist of defending 115, with the debutant Umran Malik particularly impressive","Shubman Gill,Nitish Rana","Tim Southee,Varun Chakravarthy","Shubman Gill (UKN),Venkatesh Iyer (AR),Rahul Tripathi (UKN),Nitish Rana (UKN),Dinesh Karthik (WK),Eoin Morgan (UKN),Shakib Al Hasan (AR),Sunil Narine (AR),Tim Southee (BL),Varun Chakravarthy (BL),Shivam Mavi (AR)","Jason Roy (UKN),Wriddhiman Saha (WK),Kane Williamson (UKN),Priyam Garg (UKN),Abhishek Sharma (AR),Abdul Samad (UKN),Jason Holder (AR),Rashid Khan (BL),Bhuvneshwar Kumar (BL),Siddarth Kaul (BL),Umran Malik (BL)","Kane Williamson,Abdul Samad","Jason Holder,Siddarth Kaul",3 October 2021 - night match (20-over match),Michael Gough,Jayaraman Madanagopal,Navdeep Singh,Manu Nayyar,Saiyed Khalid
2021,1254090,Royal Challengers Bangalore v Punjab Kings,RCB v PBKS,"48th Match, Indian Premier League at Sharjah, Oct 3 2021",RCB,PBKS,RCB,BAT FIRST,164/7,158/6,164/7,158/6,RCB,RCB won by 6 runs,2021-10-03T10:00Z,2021-10-04T23:59Z,59392,Sharjah Cricket Stadium,Virat Kohli,KL Rahul,Glenn Maxwell,"Royal Challengers Bangalore 2, Punjab Kings 0",FALSE,20,164,7,20,20,158,6,17,"Glenn Maxwell and Yuzvendra Chahal fire Royal Challengers Bangalore into the playoffs. Punjab Kings' qualification hopes hanging by a thread - they need to win their final game, and then have plenty of results go their way","Glenn Maxwell,Devdutt Padikkal","Yuzvendra Chahal,George Garton","Virat Kohli (UKN),Devdutt Padikkal (UKN),Dan Christian (AR),Glenn Maxwell (AR),AB de Villiers (UKN),Shahbaz Ahmed (AR),Srikar Bharat (WK),George Garton (AR),Harshal Patel (BL),Mohammed Siraj (BL),Yuzvendra Chahal (BL)","KL Rahul (WK),Mayank Agarwal (UKN),Nicholas Pooran (UKN),Aiden Markram (UKN),Sarfaraz Khan (UKN),Shahrukh Khan (UKN),Moises Henriques (AR),Harpreet Brar (BL),Ravi Bishnoi (BL),Mohammed Shami (BL),Arshdeep Singh (BL)","Mayank Agarwal,KL Rahul","Moises Henriques,Mohammed Shami",3 October 2021 (20-over match),KN Ananthapadmanabhan,Richard Illingworth,Krishnamachari Srinivasan,Prakash Bhatt,Yeshwant Barde
2021,1254089,Rajasthan Royals v Chennai Super Kings,RR v CSK,"47th Match (N), Indian Premier League at Abu Dhabi, Oct 2 2021",RR,CSK,RR,BOWL FIRST,189/4,190/3,190/3,189/4,RR,Royals won by 7 wkts (15b rem),2021-10-02T14:00Z,2021-10-03T23:59Z,59396,"Sheikh Zayed Stadium, Abu Dhabi",Sanju Samson,MS Dhoni,Ruturaj Gaikwad,"Rajasthan Royals 2, Chennai Super Kings 0",FALSE,17.3,190,3,27,20,189,4,24,"Yashasvi Jaiswal, Shivam Dube blitz CSK to lift Rajasthan Royals above Mumbai Indians. Ruturaj Gaikwad's century goes in vain as CSK struggle to defend 189","Shivam Dube,Yashasvi Jaiswal","Rahul Tewatia,Chetan Sakariya","Evin Lewis (UKN),Yashasvi Jaiswal (UKN),Sanju Samson (WK),Shivam Dube (AR),Glenn Phillips (UKN),David Miller (UKN),Rahul Tewatia (AR),Akash Singh (BL),Mayank Markande (BL),Chetan Sakariya (BL),Mustafizur Rahman (BL)","Ruturaj Gaikwad (UKN),Faf du Plessis (UKN),Suresh Raina (UKN),Moeen Ali (AR),Ambati Rayudu (UKN),Ravindra Jadeja (AR),MS Dhoni (WK),Sam Curran (AR),Shardul Thakur (BL),Josh Hazlewood (BL),KM Asif (BL)","Ruturaj Gaikwad,Ravindra Jadeja","Shardul Thakur,KM Asif",2 October 2021 - night match (20-over match),Chris Gaffaney,Virender Sharma,Tapan Sharma,Narayanan Kutty,Ulhas Gandhe
2021,1254112,Mumbai Indians v Delhi Capitals,MI v DC,"46th Match, Indian Premier League at Sharjah, Oct 2 2021",MI,DC,DC,BOWL FIRST,129/8,132/6,129/8,132/6,DC,Capitals won by 4 wkts (5b rem),2021-10-02T10:00Z,2021-10-03T23:59Z,59392,Sharjah Cricket Stadium,Rohit Sharma,Rishabh Pant,Axar Patel,"Delhi Capitals 2, Mumbai Indians 0",FALSE,20,129,8,14,19.1,132,6,13,Avesh and Axar set the stage for Capitals before Iyer and Ashwin ace tricky chase. Mumbai Indians bowlers drag the game to the last over with regular strikes before going down,"Suryakumar Yadav,Quinton de Kock","Nathan Coulter-Nile,Krunal Pandya","Rohit Sharma (UKN),Quinton de Kock (WK),Suryakumar Yadav (UKN),Saurabh Tiwary (UKN),Kieron Pollard (AR),Hardik Pandya (AR),Krunal Pandya (AR),Nathan Coulter-Nile (AR),Jayant Yadav (BL),Jasprit Bumrah (BL),Trent Boult (BL)","Prithvi Shaw (UKN),Shikhar Dhawan (UKN),Steven Smith (UKN),Rishabh Pant (WK),Shreyas Iyer (UKN),Axar Patel (AR),Shimron Hetmyer (UKN),Ravichandran Ashwin (AR),Kagiso Rabada (BL),Avesh Khan (BL),Anrich Nortje (BL)","Shreyas Iyer,Rishabh Pant","Avesh Khan,Axar Patel",2 October 2021 (20-over match),Anil Chaudhary,Michael Gough,Nitin Menon,Javagal Srinath,Navdeep Singh
2021,1254102,Kolkata Knight Riders v Punjab Kings,KKR v PBKS,"45th Match (N), Indian Premier League at Dubai, Oct 1 2021",KKR,PBKS,KXIP,BOWL FIRST,165/7,168/5,165/7,168/5,PBKS,Punjab Kings won by 5 wkts (3b rem),2021-10-01T14:00Z,2021-10-02T23:59Z,392627,Dubai International Cricket Stadium,Eoin Morgan,KL Rahul,KL Rahul,"Punjab Kings 2, Kolkata Knight Riders 0",FALSE,20,165,7,19,19.3,168,5,17,"KL Rahul, bowlers lift Punjab Kings to fifth spot. Shahrukh Khan applies the finishing touches with an unbeaten 22 off nine balls","Venkatesh Iyer,Rahul Tripathi","Varun Chakravarthy,Venkatesh Iyer","Venkatesh Iyer (AR),Shubman Gill (UKN),Rahul Tripathi (UKN),Nitish Rana (UKN),Eoin Morgan (UKN),Dinesh Karthik (WK),Tim Seifert (UKN),Sunil Narine (AR),Tim Southee (BL),Varun Chakravarthy (BL),Shivam Mavi (AR)","KL Rahul (WK),Mayank Agarwal (UKN),Nicholas Pooran (UKN),Aiden Markram (UKN),Deepak Hooda (AR),Shahrukh Khan (UKN),Fabian Allen (AR),Nathan Ellis (BL),Ravi Bishnoi (BL),Mohammed Shami (BL),Arshdeep Singh (BL)","KL Rahul,Mayank Agarwal","Arshdeep Singh,Ravi Bishnoi",1 October 2021 - night match (20-over match),KN Ananthapadmanabhan,Richard Illingworth,Anil Dandekar,Manu Nayyar,Jayaraman Madanagopal
2021,1254091,Sunrisers Hyderabad v Chennai Super Kings,SRH v CSK,"44th Match (N), Indian Premier League at Sharjah, Sep 30 2021",SRH,CSK,CSK,BOWL FIRST,134/7,139/4,134/7,139/4,CSK,Super Kings won by 6 wkts (2b rem),2021-09-30T14:00Z,2021-10-01T23:59Z,59392,Sharjah Cricket Stadium,Kane Williamson,MS Dhoni,Josh Hazlewood,"Chennai Super Kings 2, Sunrisers Hyderabad 0",FALSE,20,134,7,11,19.4,139,4,17,"Dwayne Bravo, Josh Hazlewood lead dominant CSK into playoffs. Sunrisers knocked out of contention after slipping to their ninth loss this season","Wriddhiman Saha,Abhishek Sharma","Jason Holder,Rashid Khan","Jason Roy (UKN),Wriddhiman Saha (WK),Kane Williamson (UKN),Priyam Garg (UKN),Abhishek Sharma (AR),Abdul Samad (UKN),Jason Holder (AR),Rashid Khan (BL),Bhuvneshwar Kumar (BL),Sandeep Sharma (BL),Siddarth Kaul (BL)","Ruturaj Gaikwad (UKN),Faf du Plessis (UKN),Moeen Ali (AR),Suresh Raina (UKN),Ambati Rayudu (UKN),MS Dhoni (WK),Ravindra Jadeja (AR),Dwayne Bravo (AR),Shardul Thakur (BL),Deepak Chahar (BL),Josh Hazlewood (BL)","Ruturaj Gaikwad,Faf du Plessis","Josh Hazlewood,Dwayne Bravo",30 September 2021 - night match (20-over match),Yeshwant Barde,Nitin Menon,Michael Gough,Prakash Bhatt,Saiyed Khalid
2021,1254103,Rajasthan Royals v Royal Challengers Bangalore,RR v RCB,"43rd Match (N), Indian Premier League at Dubai, Sep 29 2021",RR,RCB,RCB,BOWL FIRST,149/9,153/3,149/9,153/3,RCB,RCB won by 7 wkts (17b rem),2021-09-29T14:00Z,2021-09-30T23:59Z,392627,Dubai International Cricket Stadium,Sanju Samson,Virat Kohli,Yuzvendra Chahal,"Royal Challengers Bangalore 2, Rajasthan Royals 0",FALSE,20,149,9,17,17.1,153,3,20,"Chahal, Garton and Shahbaz show RCB's bowling might. Rajasthan Royals looked good for a big score with Evin Lewis going strong, but his wicket triggered a terminal collapse","Evin Lewis,Yashasvi Jaiswal","Mustafizur Rahman,Kartik Tyagi","Evin Lewis (UKN),Yashasvi Jaiswal (UKN),Sanju Samson (WK),Mahipal Lomror (AR),Liam Livingstone (AR),Rahul Tewatia (AR),Riyan Parag (UKN),Chris Morris (AR),Chetan Sakariya (BL),Kartik Tyagi (BL),Mustafizur Rahman (BL)","Virat Kohli (UKN),Devdutt Padikkal (UKN),Srikar Bharat (WK),Glenn Maxwell (AR),AB de Villiers (UKN),Dan Christian (AR),Shahbaz Ahmed (AR),George Garton (AR),Harshal Patel (BL),Mohammed Siraj (BL),Yuzvendra Chahal (BL)","Glenn Maxwell,Srikar Bharat","Harshal Patel,Shahbaz Ahmed",29 September 2021 - night match (20-over match),KN Ananthapadmanabhan,Anil Dandekar,Richard Illingworth,Manu Nayyar,Krishnamachari Srinivasan
2021,1254099,Mumbai Indians v Punjab Kings,MI v PBKS,"42nd Match (N), Indian Premier League at Abu Dhabi, Sep 28 2021",MI,PBKS,MI,BOWL FIRST,135/6,137/4,137/4,135/6,MI,Mumbai won by 6 wkts (6b rem),2021-09-28T14:00Z,2021-09-29T23:59Z,59396,"Sheikh Zayed Stadium, Abu Dhabi",Rohit Sharma,KL Rahul,Kieron Pollard,"Mumbai Indians 2, Punjab Kings 0",FALSE,19,137,4,16,20,135,6,12,"Hardik, Pollard, Tiwary swing tight contest Mumbai's way. Result lifts Mumbai Indians to fifth spot, Punjab Kings go to sixth","Saurabh Tiwary,Hardik Pandya","Jasprit Bumrah,Kieron Pollard","Rohit Sharma (UKN),Quinton de Kock (WK),Suryakumar Yadav (UKN),Saurabh Tiwary (UKN),Hardik Pandya (AR),Kieron Pollard (AR),Krunal Pandya (AR),Nathan Coulter-Nile (AR),Rahul Chahar (BL),Trent Boult (BL),Jasprit Bumrah (BL)","KL Rahul (WK),Mandeep Singh (AR),Chris Gayle (AR),Aiden Markram (UKN),Nicholas Pooran (UKN),Deepak Hooda (AR),Harpreet Brar (BL),Nathan Ellis (BL),Ravi Bishnoi (BL),Mohammed Shami (BL),Arshdeep Singh (BL)","Aiden Markram,Deepak Hooda","Ravi Bishnoi,Nathan Ellis",28 September 2021 - night match (20-over match),Sundaram Ravi,Virender Sharma,Ulhas Gandhe,Narayanan Kutty,Tapan Sharma
2021,1254092,Kolkata Knight Riders v Delhi Capitals,KKR v DC,"41st Match, Indian Premier League at Sharjah, Sep 28 2021",KKR,DC,KKR,BOWL FIRST,127/9,130/7,130/7,127/9,KKR,KKR won by 3 wkts (10b rem),2021-09-28T10:00Z,2021-09-29T23:59Z,59392,Sharjah Cricket Stadium,Eoin Morgan,Rishabh Pant,Sunil Narine,"Kolkata Knight Riders 2, Delhi Capitals 0",FALSE,18.2,130,7,15,20,127,9,14,"All-star bowling, key blows from Narine and Rana give Knight Riders win. On a tricky, two-paced pitch in Sharjah, Delhi Capitals only managed 127","Nitish Rana,Shubman Gill","Sunil Narine,Lockie Ferguson","Shubman Gill (UKN),Venkatesh Iyer (AR),Rahul Tripathi (UKN),Nitish Rana (UKN),Eoin Morgan (UKN),Dinesh Karthik (WK),Sunil Narine (AR),Tim Southee (BL),Lockie Ferguson (BL),Sandeep Warrier (BL),Varun Chakravarthy (BL)","Steven Smith (UKN),Shikhar Dhawan (UKN),Shreyas Iyer (UKN),Rishabh Pant (WK),Shimron Hetmyer (UKN),Lalit Yadav (AR),Axar Patel (AR),Ravichandran Ashwin (AR),Kagiso Rabada (BL),Avesh Khan (BL),Anrich Nortje (BL)","Steven Smith,Rishabh Pant","Avesh Khan,Anrich Nortje",28 September 2021 (20-over match),Saiyed Khalid,Nitin Menon,Anil Chaudhary,Prakash Bhatt,Yeshwant Barde
2021,1254100,Sunrisers Hyderabad v Rajasthan Royals,SRH v RR,"40th Match (N), Indian Premier League at Dubai, Sep 27 2021",SRH,RR,RR,BAT FIRST,164/5,167/3,167/3,164/5,SRH,Sunrisers won by 7 wkts (9b rem),2021-09-27T14:00Z,2021-09-28T23:59Z,392627,Dubai International Cricket Stadium,Kane Williamson,Sanju Samson,Jason Roy,"Sunrisers Hyderabad 2, Rajasthan Royals 0",FALSE,18.3,167,3,20,20,164,5,19,"Jason Roy and Kane Williamson keep Sunrisers Hyderabad's season alive. Sanju Samson scored 82, but a total of 164 proved less than adequate for the Royals","Jason Roy,Kane Williamson","Siddarth Kaul,Bhuvneshwar Kumar","Jason Roy (UKN),Wriddhiman Saha (WK),Kane Williamson (UKN),Priyam Garg (UKN),Abhishek Sharma (AR),Jason Holder (AR),Abdul Samad (UKN),Rashid Khan (BL),Bhuvneshwar Kumar (BL),Sandeep Sharma (BL),Siddarth Kaul (BL)","Evin Lewis (UKN),Yashasvi Jaiswal (UKN),Sanju Samson (WK),Liam Livingstone (AR),Mahipal Lomror (AR),Riyan Parag (UKN),Rahul Tewatia (AR),Chris Morris (AR),Jaydev Unadkat (BL),Chetan Sakariya (BL),Mustafizur Rahman (BL)","Sanju Samson,Yashasvi Jaiswal","Mahipal Lomror,Mustafizur Rahman",27 September 2021 - night match (20-over match),KN Ananthapadmanabhan,Navdeep Singh,Richard Illingworth,Javagal Srinath,Anil Dandekar
2021,1254108,Royal Challengers Bangalore v Mumbai Indians,RCB v MI,"39th Match (N), Indian Premier League at Dubai, Sep 26 2021",RCB,MI,MI,BOWL FIRST,165/6,111,165/6,111,RCB,RCB won by 54 runs,2021-09-26T14:00Z,2021-09-27T23:59Z,392627,Dubai International Cricket Stadium,Virat Kohli,Rohit Sharma,Glenn Maxwell,"Royal Challengers Bangalore 2, Mumbai Indians 0",FALSE,20,165,6,21,18.1,111,10,12,"Harshal Patel hat-trick caps comprehensive Royal Challengers Bangalore win. Glenn Maxwell, Yuzvendra Chahal and Virat Kohli also fire for RCB; flat Mumbai Indians fall to seventh on points table","Glenn Maxwell,Virat Kohli","Harshal Patel,Yuzvendra Chahal","Virat Kohli (UKN),Devdutt Padikkal (UKN),Srikar Bharat (WK),Glenn Maxwell (AR),AB de Villiers (UKN),Dan Christian (AR),Shahbaz Ahmed (AR),Kyle Jamieson (BL),Harshal Patel (BL),Mohammed Siraj (BL),Yuzvendra Chahal (BL)","Rohit Sharma (UKN),Quinton de Kock (WK),Ishan Kishan (UKN),Suryakumar Yadav (UKN),Krunal Pandya (AR),Kieron Pollard (AR),Hardik Pandya (AR),Adam Milne (BL),Rahul Chahar (BL),Jasprit Bumrah (BL),Trent Boult (BL)","Rohit Sharma,Quinton de Kock","Jasprit Bumrah,Trent Boult",26 September 2021 - night match (20-over match),Anil Chaudhary,Michael Gough,Nitin Menon,Manu Nayyar,Saiyed Khalid
2021,1254098,Chennai Super Kings v Kolkata Knight Riders,CSK v KKR,"38th Match, Indian Premier League at Abu Dhabi, Sep 26 2021",CSK,KKR,KKR,BAT FIRST,171/6,172/8,172/8,171/6,CSK,Super Kings won by 2 wkts (0b rem),2021-09-26T10:00Z,2021-09-27T23:59Z,59396,"Sheikh Zayed Stadium, Abu Dhabi",MS Dhoni,Eoin Morgan,Ravindra Jadeja,"Chennai Super Kings 2, Kolkata Knight Riders 0",FALSE,20,172,8,21,20,171,6,21,"Jadeja magic takes CSK back to first spot with last-ball win over KKR. With 24 required from ten balls, he smashed Prasidh Krishna for 20 runs in four balls","Faf du Plessis,Ruturaj Gaikwad","Shardul Thakur,Josh Hazlewood","Ruturaj Gaikwad (UKN),Faf du Plessis (UKN),Moeen Ali (AR),Ambati Rayudu (UKN),Suresh Raina (UKN),MS Dhoni (WK),Ravindra Jadeja (AR),Sam Curran (AR),Shardul Thakur (BL),Deepak Chahar (BL),Josh Hazlewood (BL)","Shubman Gill (UKN),Venkatesh Iyer (AR),Rahul Tripathi (UKN),Eoin Morgan (UKN),Nitish Rana (UKN),Andre Russell (AR),Dinesh Karthik (WK),Sunil Narine (AR),Lockie Ferguson (BL),Prasidh Krishna (BL),Varun Chakravarthy (BL)","Rahul Tripathi,Nitish Rana","Sunil Narine,Varun Chakravarthy",26 September 2021 (20-over match),Chris Gaffaney,Tapan Sharma,Virender Sharma,Narayanan Kutty,Ulhas Gandhe
2021,1254107,Sunrisers Hyderabad v Punjab Kings,SRH v PBKS,"37th Match (N), Indian Premier League at Sharjah, Sep 25 2021",SRH,PBKS,SRH,BOWL FIRST,125/7,120/7,120/7,125/7,PBKS,Punjab Kings won by 5 runs,2021-09-25T14:00Z,2021-09-26T23:59Z,59392,Sharjah Cricket Stadium,Kane Williamson,KL Rahul,Jason Holder,"Punjab Kings 2, Sunrisers Hyderabad 0",FALSE,20,120,7,7,20,125,7,10,"Shami, Bishnoi specials end Sunrisers' playoff hopes. Punjab Kings defend 125 to keep their hopes of making the top four alive","Jason Holder,Wriddhiman Saha","Jason Holder,Abdul Samad","David Warner (UKN),Wriddhiman Saha (WK),Kane Williamson (UKN),Manish Pandey (UKN),Kedar Jadhav (AR),Abdul Samad (UKN),Jason Holder (AR),Rashid Khan (BL),Bhuvneshwar Kumar (BL),Sandeep Sharma (BL),Khaleel Ahmed (BL)","KL Rahul (WK),Mayank Agarwal (UKN),Chris Gayle (AR),Aiden Markram (UKN),Nicholas Pooran (UKN),Deepak Hooda (AR),Harpreet Brar (BL),Nathan Ellis (BL),Mohammed Shami (BL),Ravi Bishnoi (BL),Arshdeep Singh (BL)","Aiden Markram,KL Rahul","Ravi Bishnoi,Mohammed Shami",25 September 2021 - night match (20-over match),Yeshwant Barde,Richard Illingworth,KN Ananthapadmanabhan,Prakash Bhatt,Jayaraman Madanagopal
2021,1254097,Delhi Capitals v Rajasthan Royals,DC v RR,"36th Match, Indian Premier League at Abu Dhabi, Sep 25 2021",DC,RR,RR,BOWL FIRST,154/6,121/6,154/6,121/6,DC,Capitals won by 33 runs,2021-09-25T10:00Z,2021-09-26T23:59Z,59396,"Sheikh Zayed Stadium, Abu Dhabi",Rishabh Pant,Sanju Samson,Shreyas Iyer,"Delhi Capitals 2, Rajasthan Royals 0",FALSE,20,154,6,13,20,121,6,10,Anrich Nortje leads Delhi Capitals' stifling bowling in win over Rajasthan Royals. Iyer hits 43 before Royals collapse around Samson,"Shreyas Iyer,Shimron Hetmyer","Anrich Nortje,Ravichandran Ashwin","Prithvi Shaw (UKN),Shikhar Dhawan (UKN),Shreyas Iyer (UKN),Rishabh Pant (WK),Shimron Hetmyer (UKN),Lalit Yadav (AR),Axar Patel (AR),Ravichandran Ashwin (AR),Kagiso Rabada (BL),Anrich Nortje (BL),Avesh Khan (BL)","Liam Livingstone (AR),Yashasvi Jaiswal (UKN),Sanju Samson (WK),David Miller (UKN),Mahipal Lomror (AR),Riyan Parag (UKN),Rahul Tewatia (AR),Tabraiz Shamsi (BL),Kartik Tyagi (BL),Chetan Sakariya (BL),Mustafizur Rahman (BL)","Sanju Samson,Mahipal Lomror","Mustafizur Rahman,Chetan Sakariya",25 September 2021 (20-over match),Chris Gaffaney,Ulhas Gandhe,Sundaram Ravi,Narayanan Kutty,Tapan Sharma
2021,1254113,Royal Challengers Bangalore v Chennai Super Kings,RCB v CSK,"35th Match (N), Indian Premier League at Sharjah, Sep 24 2021",RCB,CSK,CSK,BOWL FIRST,156/6,157/4,156/6,157/4,CSK,Super Kings won by 6 wkts (11b rem),2021-09-24T14:00Z,2021-09-25T23:59Z,59392,Sharjah Cricket Stadium,Virat Kohli,MS Dhoni,Dwayne Bravo,"Chennai Super Kings 2, Royal Challengers Bangalore 0",FALSE,20,156,6,17,18.1,157,4,20,"Dwayne Bravo-led attack does the job, Super Kings return to No. 1. From 111 for 0 in 13 overs, Royal Challengers could manage only a below-par 156 for 6","Devdutt Padikkal,Virat Kohli","Harshal Patel,Glenn Maxwell","Virat Kohli (UKN),Devdutt Padikkal (UKN),AB de Villiers (UKN),Glenn Maxwell (AR),Tim David (AR),Harshal Patel (BL),Wanindu Hasaranga de Silva (AR),Srikar Bharat (WK),Navdeep Saini (BL),Mohammed Siraj (BL),Yuzvendra Chahal (BL)","Ruturaj Gaikwad (UKN),Faf du Plessis (UKN),Moeen Ali (AR),Ambati Rayudu (UKN),Suresh Raina (UKN),MS Dhoni (WK),Ravindra Jadeja (AR),Dwayne Bravo (AR),Shardul Thakur (BL),Deepak Chahar (BL),Josh Hazlewood (BL)","Ruturaj Gaikwad,Ambati Rayudu","Dwayne Bravo,Shardul Thakur",24 September 2021 - night match (20-over match),Anil Chaudhary,Nitin Menon,Michael Gough,Javagal Srinath,Navdeep Singh
2021,1254096,Mumbai Indians v Kolkata Knight Riders,MI v KKR,"34th Match (N), Indian Premier League at Abu Dhabi, Sep 23 2021",MI,KKR,KKR,BOWL FIRST,155/6,159/3,155/6,159/3,KKR,KKR won by 7 wkts (29b rem),2021-09-23T14:00Z,2021-09-24T23:59Z,59396,"Sheikh Zayed Stadium, Abu Dhabi",Rohit Sharma,Eoin Morgan,Sunil Narine,"Kolkata Knight Riders 2, Mumbai Indians 0",FALSE,20,155,6,17,15.1,159,3,22,"Iyer, Tripathi put KKR in top four after bowlers rein Mumbai in. Win with 29 balls to spare puts KKR ahead of Mumbai Indians","Quinton de Kock,Rohit Sharma","Jasprit Bumrah,Rahul Chahar","Rohit Sharma (UKN),Quinton de Kock (WK),Suryakumar Yadav (UKN),Ishan Kishan (UKN),Kieron Pollard (AR),Krunal Pandya (AR),Saurabh Tiwary (UKN),Adam Milne (BL),Rahul Chahar (BL),Jasprit Bumrah (BL),Trent Boult (BL)","Shubman Gill (UKN),Venkatesh Iyer (AR),Rahul Tripathi (UKN),Eoin Morgan (UKN),Nitish Rana (UKN),Andre Russell (AR),Dinesh Karthik (WK),Sunil Narine (AR),Lockie Ferguson (BL),Prasidh Krishna (BL),Varun Chakravarthy (BL)","Rahul Tripathi,Venkatesh Iyer","Lockie Ferguson,Prasidh Krishna",23 September 2021 - night match (20-over match),Sundaram Ravi,Virender Sharma,Chris Gaffaney,Narayanan Kutty,Tapan Sharma
2021,1254105,Delhi Capitals v Sunrisers Hyderabad,DC v SRH,"33rd Match (N), Indian Premier League at Dubai, Sep 22 2021",DC,SRH,SRH,BAT FIRST,134/9,139/2,139/2,134/9,DC,Capitals won by 8 wkts (13b rem),2021-09-22T14:00Z,2021-09-23T23:59Z,392627,Dubai International Cricket Stadium,Rishabh Pant,Kane Williamson,Anrich Nortje,"Delhi Capitals 2, Sunrisers Hyderabad 0",FALSE,17.5,139,2,18,20,134,9,13,Nortje & Co help Delhi Capitals reclaim top spot. Sunrisers Hyderabad on the brink of elimination after losing seven from eight,"Shreyas Iyer,Shikhar Dhawan","Kagiso Rabada,Anrich Nortje","Prithvi Shaw (UKN),Shikhar Dhawan (UKN),Shreyas Iyer (UKN),Rishabh Pant (WK),Marcus Stoinis (UKN),Shimron Hetmyer (UKN),Axar Patel (AR),Ravichandran Ashwin (AR),Kagiso Rabada (BL),Anrich Nortje (BL),Avesh Khan (BL)","David Warner (UKN),Wriddhiman Saha (WK),Kane Williamson (UKN),Manish Pandey (UKN),Kedar Jadhav (AR),Abdul Samad (UKN),Jason Holder (AR),Rashid Khan (BL),Bhuvneshwar Kumar (BL),Sandeep Sharma (BL),Khaleel Ahmed (BL)","Abdul Samad,Rashid Khan","Rashid Khan,Khaleel Ahmed",22 September 2021 - night match (20-over match),KN Ananthapadmanabhan,Richard Illingworth,Jayaraman Madanagopal,Manu Nayyar,Krishnamachari Srinivasan
2021,1254111,Punjab Kings v Rajasthan Royals,PBKS v RR,"32nd Match (N), Indian Premier League at Dubai, Sep 21 2021",PBKS,RR,KXIP,BOWL FIRST,185,183/4,183/4,185,RR,Royals won by 2 runs,2021-09-21T14:00Z,2021-09-22T23:59Z,392627,Dubai International Cricket Stadium,KL Rahul,Sanju Samson,Kartik Tyagi,"Rajasthan Royals 2, Punjab Kings 0",FALSE,20,183,4,21,20,185,10,26,"Kartik Tyagi concedes just one run in final over to stun Punjab Kings. Kings needed only four off the final over with eight wickets in hand, but they came up short","Mayank Agarwal,KL Rahul","Arshdeep Singh,Mohammed Shami","KL Rahul (WK),Mayank Agarwal (UKN),Aiden Markram (UKN),Nicholas Pooran (UKN),Deepak Hooda (AR),Fabian Allen (AR),Ishan Porel (BL),Adil Rashid (BL),Harpreet Brar (BL),Arshdeep Singh (BL),Mohammed Shami (BL)","Evin Lewis (UKN),Yashasvi Jaiswal (UKN),Sanju Samson (WK),Liam Livingstone (AR),Mahipal Lomror (AR),Riyan Parag (UKN),Rahul Tewatia (AR),Chris Morris (AR),Chetan Sakariya (BL),Kartik Tyagi (BL),Mustafizur Rahman (BL)","Yashasvi Jaiswal,Mahipal Lomror","Kartik Tyagi,Rahul Tewatia",21 September 2021 - night match (20-over match),Anil Chaudhary,Michael Gough,KN Ananthapadmanabhan,Prakash Bhatt,Yeshwant Barde
2021,1254087,Kolkata Knight Riders v Royal Challengers Bangalore,KKR v RCB,"31st Match (N), Indian Premier League at Abu Dhabi, Sep 20 2021",KKR,RCB,RCB,BAT FIRST,92,94/1,94/1,92,KKR,KKR won by 9 wkts (60b rem),2021-09-20T14:00Z,2021-09-21T23:59Z,59396,"Sheikh Zayed Stadium, Abu Dhabi",Eoin Morgan,Virat Kohli,Varun Chakravarthy,"Kolkata Knight Riders 2, Royal Challengers Bangalore 0",FALSE,10,94,1,15,19,92,10,8,"Varun Chakravarthy, Andre Russell rout Royal Challengers Bangalore for 92 to set up big win. After they shared six wickets between them, KKR's openers hunted down the target with ease","Shubman Gill,Venkatesh Iyer","Andre Russell,Varun Chakravarthy","Shubman Gill (UKN),Venkatesh Iyer (AR),Andre Russell (AR),Nitish Rana (UKN),Rahul Tripathi (UKN),Eoin Morgan (UKN),Dinesh Karthik (WK),Lockie Ferguson (BL),Sunil Narine (AR),Varun Chakravarthy (BL),Prasidh Krishna (BL)","Virat Kohli (UKN),Devdutt Padikkal (UKN),Srikar Bharat (WK),Glenn Maxwell (AR),AB de Villiers (UKN),Sachin Baby (UKN),Wanindu Hasaranga de Silva (AR),Kyle Jamieson (BL),Harshal Patel (BL),Mohammed Siraj (BL),Yuzvendra Chahal (BL)","Devdutt Padikkal,Srikar Bharat","Yuzvendra Chahal,Wanindu Hasaranga de Silva",20 September 2021 - night match (20-over match),Chris Gaffaney,Sundaram Ravi,Virender Sharma,Narayanan Kutty,Ulhas Gandhe
2021,1254104,Chennai Super Kings v Mumbai Indians,CSK v MI,"30th Match (N), Indian Premier League at Dubai, Sep 19 2021",CSK,MI,CSK,BAT FIRST,156/6,136/8,156/6,136/8,CSK,Super Kings won by 20 runs,2021-09-19T14:00Z,2021-09-20T23:59Z,392627,Dubai International Cricket Stadium,MS Dhoni,Kieron Pollard,Ruturaj Gaikwad,"Chennai Super Kings 2, Mumbai Indians 0",FALSE,20,156,6,18,20,136,8,15,Chennai Super Kings go from 7 for 3 to victory courtesy Ruturaj Gaikwad. Deepak Chahar hurts Mumbai Indians early in pursuit of 157 to help seal the deal,"Ruturaj Gaikwad,Ravindra Jadeja","Dwayne Bravo,Deepak Chahar","Ruturaj Gaikwad (UKN),Faf du Plessis (UKN),Moeen Ali (AR),Ambati Rayudu (UKN),Suresh Raina (UKN),MS Dhoni (WK),Ravindra Jadeja (AR),Dwayne Bravo (AR),Shardul Thakur (BL),Deepak Chahar (BL),Josh Hazlewood (BL)","Quinton de Kock (WK),Anmolpreet Singh (UKN),Suryakumar Yadav (UKN),Ishan Kishan (UKN),Saurabh Tiwary (UKN),Kieron Pollard (AR),Krunal Pandya (AR),Adam Milne (BL),Rahul Chahar (BL),Jasprit Bumrah (BL),Trent Boult (BL)","Saurabh Tiwary,Quinton de Kock","Adam Milne,Jasprit Bumrah",19 September 2021 - night match (20-over match),Richard Illingworth,Nitin Menon,Anil Chaudhary,Javagal Srinath,Anil Dandekar
2021,1254086,Punjab Kings v Delhi Capitals,PBKS v DC,"29th Match (N), Indian Premier League at Ahmedabad, May 2 2021",PBKS,DC,DC,BOWL FIRST,166/6,167/3,166/6,167/3,DC,Capitals won by 7 wkts (14b rem),2021-05-02T14:00Z,2021-05-03T23:59Z,57851,"Narendra Modi Stadium, Motera, Ahmedabad",Mayank Agarwal,Rishabh Pant,Mayank Agarwal,"Delhi Capitals 2, Punjab Kings 0",FALSE,20,166,6,18,17.4,167,3,20,"Rabada, Dhawan take Delhi Capitals to the top. Agarwal's 99 on IPL captaincy debut in vain as Kings slump to fifth loss in eight matches","Mayank Agarwal,Dawid Malan","Harpreet Brar,Chris Jordan","Prabhsimran Singh (WK),Mayank Agarwal (UKN),Chris Gayle (AR),Dawid Malan (UKN),Deepak Hooda (AR),Shahrukh Khan (UKN),Chris Jordan (BL),Harpreet Brar (BL),Riley Meredith (BL),Ravi Bishnoi (BL),Mohammed Shami (BL)","Prithvi Shaw (UKN),Shikhar Dhawan (UKN),Steven Smith (UKN),Rishabh Pant (WK),Shimron Hetmyer (UKN),Marcus Stoinis (UKN),Axar Patel (AR),Lalit Yadav (AR),Kagiso Rabada (BL),Ishant Sharma (BL),Avesh Khan (BL)","Shikhar Dhawan,Prithvi Shaw","Kagiso Rabada,Axar Patel",2 May 2021 - night match (20-over match),Anil Chaudhary,Anil Dandekar,Jayaraman Madanagopal,Shakti Singh,Navdeep Singh
2021,1254085,Rajasthan Royals v Sunrisers Hyderabad,RR v SRH,"28th Match (D/N), Indian Premier League at Delhi, May 2 2021",RR,SRH,SRH,BOWL FIRST,220/3,165/8,220/3,165/8,RR,Royals won by 55 runs,2021-05-02T10:00Z,2021-05-03T23:59Z,58040,"Arun Jaitley Stadium, Delhi",Sanju Samson,Kane Williamson,Jos Buttler,"Rajasthan Royals 2, Sunrisers Hyderabad 0",FALSE,20,220,3,29,20,165,8,20,Jos Buttler's 64-ball 124 sets up big Rajasthan Royals win. David Warner's absence made no change to Sunrisers' performance on the field as the team remains rooted at the bottom,"Jos Buttler,Sanju Samson","Mustafizur Rahman,Chris Morris","Jos Buttler (UKN),Yashasvi Jaiswal (UKN),Sanju Samson (WK),Riyan Parag (UKN),David Miller (UKN),Anuj Rawat (UKN),Rahul Tewatia (AR),Chris Morris (AR),Kartik Tyagi (BL),Chetan Sakariya (BL),Mustafizur Rahman (BL)","Manish Pandey (UKN),Jonny Bairstow (WK),Kane Williamson (UKN),Vijay Shankar (AR),Kedar Jadhav (AR),Mohammad Nabi (AR),Abdul Samad (UKN),Rashid Khan (BL),Bhuvneshwar Kumar (BL),Sandeep Sharma (BL),Khaleel Ahmed (BL)","Manish Pandey,Jonny Bairstow","Rashid Khan,Vijay Shankar",2 May 2021 - day/night match (20-over match),Chris Gaffaney,Chettithody Shamshuddin,Ulhas Gandhe,Sunil Chaturvedi,Saiyed Khalid
2021,1254084,Mumbai Indians v Chennai Super Kings,MI v CSK,"27th Match (N), Indian Premier League at Delhi, May 1 2021",MI,CSK,MI,BOWL FIRST,218/4,219/6,219/6,218/4,MI,Mumbai won by 4 wkts (0b rem),2021-05-01T14:00Z,2021-05-02T23:59Z,58040,"Arun Jaitley Stadium, Delhi",Rohit Sharma,MS Dhoni,Kieron Pollard,"Mumbai Indians 2, Chennai Super Kings 0",FALSE,20,219,6,30,20,218,4,30,Kieron Pollard's sensational takedown stuns Chennai Super Kings. His stunning 34-ball 87 not out ends Chennai Super Kings' five-match winning streak,"Kieron Pollard,Quinton de Kock","Kieron Pollard,Trent Boult","Quinton de Kock (WK),Rohit Sharma (UKN),Suryakumar Yadav (UKN),Krunal Pandya (AR),Kieron Pollard (AR),Hardik Pandya (AR),James Neesham (AR),Dhawal Kulkarni (BL),Rahul Chahar (BL),Jasprit Bumrah (BL),Trent Boult (BL)","Ruturaj Gaikwad (UKN),Faf du Plessis (UKN),Moeen Ali (AR),Suresh Raina (UKN),Ambati Rayudu (UKN),Ravindra Jadeja (AR),MS Dhoni (WK),Sam Curran (AR),Shardul Thakur (BL),Deepak Chahar (BL),Lungi Ngidi (BL)","Ambati Rayudu,Moeen Ali","Sam Curran,Moeen Ali",1 May 2021 - night match (20-over match),KN Ananthapadmanabhan,Nandan,Chris Gaffaney,Javagal Srinath,Krishnamachari Srinivasan
2021,1254083,Punjab Kings v Royal Challengers Bangalore,PBKS v RCB,"26th Match (N), Indian Premier League at Ahmedabad, Apr 30 2021",PBKS,RCB,RCB,BOWL FIRST,179/5,145/8,179/5,145/8,PBKS,Punjab Kings won by 34 runs,2021-04-30T14:00Z,2021-05-01T23:59Z,57851,"Narendra Modi Stadium, Motera, Ahmedabad",KL Rahul,Virat Kohli,Harpreet Brar,"Punjab Kings 2, Royal Challengers Bangalore 0",FALSE,20,179,5,24,20,145,8,16,"Harpreet Brar the hero after KL Rahul's 91* as Punjab Kings move up. In the space of seven deliveries, Brar dismissed Kohli, Maxwell and de Villiers without conceding a single run","KL Rahul,Chris Gayle","Harpreet Brar,Ravi Bishnoi","KL Rahul (UKN),Prabhsimran Singh (WK),Chris Gayle (AR),Nicholas Pooran (UKN),Deepak Hooda (AR),Shahrukh Khan (UKN),Harpreet Brar (BL),Riley Meredith (BL),Ravi Bishnoi (BL),Mohammed Shami (BL),Chris Jordan (BL)","Virat Kohli (UKN),Devdutt Padikkal (UKN),Rajat Patidar (UKN),Glenn Maxwell (AR),AB de Villiers (WK),Shahbaz Ahmed (AR),Daniel Sams (AR),Kyle Jamieson (BL),Harshal Patel (BL),Mohammed Siraj (BL),Yuzvendra Chahal (BL)","Virat Kohli,Rajat Patidar","Kyle Jamieson,Shahbaz Ahmed",30 April 2021 - night match (20-over match),Sundaram Ravi,Virender Sharma,Jayaraman Madanagopal,Shakti Singh,Yeshwant Barde
2021,1254082,Delhi Capitals v Kolkata Knight Riders,DC v KKR,"25th Match (N), Indian Premier League at Ahmedabad, Apr 29 2021",DC,KKR,DC,BOWL FIRST,154/6,156/3,156/3,154/6,DC,Capitals won by 7 wkts (21b rem),2021-04-29T14:00Z,2021-04-30T23:59Z,57851,"Narendra Modi Stadium, Motera, Ahmedabad",Rishabh Pant,Eoin Morgan,Prithvi Shaw,"Delhi Capitals 2, Kolkata Knight Riders 0",FALSE,16.3,156,3,23,20,154,6,17,"Prithvi Shaw carnage leads Delhi Capitals to comprehensive win against Kolkata Knight Riders. Shaw cracked 82 off just 41 balls, and smashed six fours in the opening over of the chase","Prithvi Shaw,Shikhar Dhawan","Lalit Yadav,Axar Patel","Prithvi Shaw (UKN),Shikhar Dhawan (UKN),Rishabh Pant (WK),Marcus Stoinis (UKN),Shimron Hetmyer (UKN),Steven Smith (UKN),Lalit Yadav (AR),Axar Patel (AR),Kagiso Rabada (BL),Avesh Khan (BL),Ishant Sharma (BL)","Nitish Rana (UKN),Shubman Gill (UKN),Rahul Tripathi (UKN),Eoin Morgan (UKN),Sunil Narine (AR),Andre Russell (AR),Dinesh Karthik (WK),Pat Cummins (BL),Shivam Mavi (AR),Varun Chakravarthy (BL),Prasidh Krishna (BL)","Andre Russell,Shubman Gill","Pat Cummins,Prasidh Krishna",29 April 2021 - night match (20-over match),Yeshwant Barde,Anil Chaudhary,Anil Dandekar,Prakash Bhatt,Navdeep Singh
2021,1254081,Mumbai Indians v Rajasthan Royals,MI v RR,"24th Match (D/N), Indian Premier League at Delhi, Apr 29 2021",MI,RR,MI,BOWL FIRST,171/4,172/3,172/3,171/4,MI,Mumbai won by 7 wkts (9b rem),2021-04-29T10:00Z,2021-04-30T23:59Z,58040,"Arun Jaitley Stadium, Delhi",Rohit Sharma,Sanju Samson,Quinton de Kock,"Mumbai Indians 2, Rajasthan Royals 0",FALSE,18.3,172,3,19,20,171,4,21,"Chahar, de Kock bring Mumbai back to winning ways. Chasing for the first time this IPL, de Kock's unbeaten 70 took Mumbai home","Quinton de Kock,Krunal Pandya","Rahul Chahar,Jasprit Bumrah","Rohit Sharma (UKN),Quinton de Kock (WK),Suryakumar Yadav (UKN),Krunal Pandya (AR),Kieron Pollard (AR),Hardik Pandya (AR),Nathan Coulter-Nile (AR),Jayant Yadav (BL),Rahul Chahar (BL),Jasprit Bumrah (BL),Trent Boult (BL)","Jos Buttler (UKN),Yashasvi Jaiswal (UKN),Sanju Samson (WK),Shivam Dube (AR),David Miller (UKN),Riyan Parag (UKN),Rahul Tewatia (AR),Chris Morris (AR),Jaydev Unadkat (BL),Chetan Sakariya (BL),Mustafizur Rahman (BL)","Sanju Samson,Jos Buttler","Chris Morris,Mustafizur Rahman",29 April 2021 - day/night match (20-over match),KN Ananthapadmanabhan,Chris Gaffaney,Chettithody Shamshuddin,Narayanan Kutty,Tapan Sharma
2021,1254080,Chennai Super Kings v Sunrisers Hyderabad,CSK v SRH,"23rd Match (N), Indian Premier League at Delhi, Apr 28 2021",CSK,SRH,SRH,BAT FIRST,171/3,173/3,173/3,171/3,CSK,Super Kings won by 7 wkts (9b rem),2021-04-28T14:00Z,2021-04-29T23:59Z,58040,"Arun Jaitley Stadium, Delhi",MS Dhoni,David Warner,Ruturaj Gaikwad,"Chennai Super Kings 2, Sunrisers Hyderabad 0",FALSE,18.3,173,3,26,20,171,3,19,CSK canter to target of 172 to move to No. 1 on points table. Openers Ruturaj Gaikwad and Faf du Plessis hit rapid half-centuries to set up the victory,"Ruturaj Gaikwad,Faf du Plessis","Lungi Ngidi,Sam Curran","Ruturaj Gaikwad (UKN),Faf du Plessis (UKN),Moeen Ali (AR),Ravindra Jadeja (AR),Suresh Raina (UKN),Ambati Rayudu (UKN),MS Dhoni (WK),Sam Curran (AR),Shardul Thakur (BL),Deepak Chahar (BL),Lungi Ngidi (BL)","David Warner (UKN),Jonny Bairstow (WK),Manish Pandey (UKN),Kane Williamson (UKN),Kedar Jadhav (AR),Rashid Khan (BL),Vijay Shankar (AR),Jagadeesha Suchith (BL),Siddarth Kaul (BL),Khaleel Ahmed (BL),Sandeep Sharma (BL)","Manish Pandey,David Warner","Rashid Khan,Jagadeesha Suchith",28 April 2021 - night match (20-over match),Nandan,Chettithody Shamshuddin,KN Ananthapadmanabhan,Javagal Srinath,Ulhas Gandhe
2021,1254079,Delhi Capitals v Royal Challengers Bangalore,DC v RCB,"22nd Match (N), Indian Premier League at Ahmedabad, Apr 27 2021",DC,RCB,DC,BOWL FIRST,171/5,170/4,170/4,171/5,RCB,RCB won by 1 run,2021-04-27T14:00Z,2021-04-28T23:59Z,57851,"Narendra Modi Stadium, Motera, Ahmedabad",Rishabh Pant,Virat Kohli,AB de Villiers,"Royal Challengers Bangalore 2, Delhi Capitals 0",FALSE,20,170,4,20,20,171,5,18,"de Villiers blitz trumps Hetmyer-Pant fightback in one-run win as RCB regain top spot. Siraj defended 13 in the final over, the unbeaten fifties from both Capitals batters in vain","Rishabh Pant,Shimron Hetmyer","Avesh Khan,Ishant Sharma","Prithvi Shaw (UKN),Shikhar Dhawan (UKN),Steven Smith (UKN),Rishabh Pant (WK),Marcus Stoinis (UKN),Shimron Hetmyer (UKN),Axar Patel (AR),Kagiso Rabada (BL),Avesh Khan (BL),Amit Mishra (BL),Ishant Sharma (BL)","Virat Kohli (UKN),Devdutt Padikkal (UKN),Rajat Patidar (UKN),Glenn Maxwell (AR),AB de Villiers (WK),Washington Sundar (AR),Daniel Sams (AR),Kyle Jamieson (BL),Harshal Patel (BL),Mohammed Siraj (BL),Yuzvendra Chahal (BL)","AB de Villiers,Rajat Patidar","Harshal Patel,Kyle Jamieson",27 April 2021 - night match (20-over match),Sundaram Ravi,Virender Sharma,Anil Chaudhary,Manu Nayyar,Jayaraman Madanagopal
2021,1254078,Punjab Kings v Kolkata Knight Riders,PBKS v KKR,"21st Match (N), Indian Premier League at Ahmedabad, Apr 26 2021",PBKS,KKR,KKR,BOWL FIRST,123/9,126/5,123/9,126/5,KKR,KKR won by 5 wkts (20b rem),2021-04-26T14:00Z,2021-04-27T23:59Z,57851,"Narendra Modi Stadium, Motera, Ahmedabad",KL Rahul,Eoin Morgan,Eoin Morgan,"Kolkata Knight Riders 2, Punjab Kings 0",FALSE,20,123,9,13,16.4,126,5,19,"Morgan, bowlers lift Kolkata Knight Riders off bottom of IPL points table. The Punjab Kings innings never really took off after they were asked to bat first in Ahmedabad","Mayank Agarwal,Chris Jordan","Moises Henriques,Deepak Hooda","KL Rahul (WK),Mayank Agarwal (UKN),Chris Gayle (AR),Deepak Hooda (AR),Nicholas Pooran (UKN),Moises Henriques (AR),Shahrukh Khan (UKN),Chris Jordan (BL),Ravi Bishnoi (BL),Mohammed Shami (BL),Arshdeep Singh (BL)","Shubman Gill (UKN),Nitish Rana (UKN),Rahul Tripathi (UKN),Sunil Narine (AR),Eoin Morgan (UKN),Andre Russell (AR),Dinesh Karthik (WK),Pat Cummins (BL),Shivam Mavi (AR),Varun Chakravarthy (BL),Prasidh Krishna (BL)","Eoin Morgan,Rahul Tripathi","Prasidh Krishna,Sunil Narine",26 April 2021 - night match (20-over match),Yeshwant Barde,Paul Reiffel,Sundaram Ravi,Prakash Bhatt,Anil Dandekar
2021,1254077,Sunrisers Hyderabad v Delhi Capitals,SRH v DC,"20th Match (N), Indian Premier League at Chennai, Apr 25 2021",SRH,DC,DC,BAT FIRST,159/4,159/7,159/7,159/4,SRH,Match tied (Capitals won the one-over eliminator),2021-04-25T14:00Z,2021-04-26T23:59Z,58008,"MA Chidambaram Stadium, Chepauk, Chennai",David Warner,Rishabh Pant,Prithvi Shaw,"Delhi Capitals 2, Sunrisers Hyderabad 0",TRUE,20,159,7,19,20,159,4,20,Pant takes Capitals to victory in Super Over after Williamson helps Sunrisers tie the match. Rashid Khan couldn't defend seven in the Super Over,"Kane Williamson,Jonny Bairstow","Siddarth Kaul,Rashid Khan","David Warner (UKN),Jonny Bairstow (WK),Kane Williamson (UKN),Virat Singh (UKN),Kedar Jadhav (AR),Abhishek Sharma (AR),Rashid Khan (BL),Vijay Shankar (AR),Jagadeesha Suchith (BL),Siddarth Kaul (BL),Khaleel Ahmed (BL)","Prithvi Shaw (UKN),Shikhar Dhawan (UKN),Rishabh Pant (WK),Steven Smith (UKN),Shimron Hetmyer (UKN),Marcus Stoinis (UKN),Axar Patel (AR),Ravichandran Ashwin (AR),Kagiso Rabada (BL),Avesh Khan (BL),Amit Mishra (BL)","Prithvi Shaw,Rishabh Pant","Avesh Khan,Axar Patel",25 April 2021 - night match (20-over match),KN Ananthapadmanabhan,Chris Gaffaney,Tapan Sharma,Sunil Chaturvedi,Krishnamachari Srinivasan
2021,1254076,Chennai Super Kings v Royal Challengers Bangalore,CSK v RCB,"19th Match (D/N), Indian Premier League at Mumbai, Apr 25 2021",CSK,RCB,CSK,BAT FIRST,191/4,122/9,191/4,122/9,CSK,Super Kings won by 69 runs,2021-04-25T10:00Z,2021-04-26T23:59Z,58324,"Wankhede Stadium, Mumbai",MS Dhoni,Virat Kohli,Ravindra Jadeja,"Chennai Super Kings 2, Royal Challengers Bangalore 0",FALSE,20,191,4,26,20,122,9,14,"Ravindra Jadeja's all-round brilliance lifts CSK to top of table. The allrounder hammered a 28-ball 62, took 3-13, and effected a run-out against RCB","Ravindra Jadeja,Faf du Plessis","Ravindra Jadeja,Imran Tahir","Ruturaj Gaikwad (UKN),Faf du Plessis (UKN),Suresh Raina (UKN),Ambati Rayudu (UKN),Ravindra Jadeja (AR),MS Dhoni (WK),Dwayne Bravo (AR),Sam Curran (AR),Shardul Thakur (BL),Deepak Chahar (BL),Imran Tahir (BL)","Virat Kohli (UKN),Devdutt Padikkal (UKN),Washington Sundar (AR),Glenn Maxwell (AR),AB de Villiers (WK),Dan Christian (AR),Kyle Jamieson (BL),Harshal Patel (BL),Navdeep Saini (BL),Yuzvendra Chahal (BL),Mohammed Siraj (BL)","Devdutt Padikkal,Glenn Maxwell","Harshal Patel,Yuzvendra Chahal",25 April 2021 - day/night match (20-over match),Anil Chaudhary,Virender Sharma,Navdeep Singh,Shakti Singh,Jayaraman Madanagopal
2021,1254075,Rajasthan Royals v Kolkata Knight Riders,RR v KKR,"18th Match (N), Indian Premier League at Mumbai, Apr 24 2021",RR,KKR,RR,BOWL FIRST,133/9,134/4,134/4,133/9,RR,Royals won by 6 wkts (7b rem),2021-04-24T14:00Z,2021-04-25T23:59Z,58324,"Wankhede Stadium, Mumbai",Sanju Samson,Eoin Morgan,Chris Morris,"Rajasthan Royals 2, Kolkata Knight Riders 0",FALSE,18.5,134,4,15,20,133,9,14,"Chris Morris, Sanju Samson take Rajasthan Royals to convincing win. The Kolkata Knight Riders shackle themselves to the bottom of the points table with a confused batting display","Sanju Samson,David Miller","Chris Morris,Mustafizur Rahman","Jos Buttler (UKN),Yashasvi Jaiswal (UKN),Sanju Samson (WK),Shivam Dube (AR),Rahul Tewatia (AR),David Miller (UKN),Riyan Parag (UKN),Chris Morris (AR),Jaydev Unadkat (BL),Chetan Sakariya (BL),Mustafizur Rahman (BL)","Nitish Rana (UKN),Shubman Gill (UKN),Rahul Tripathi (UKN),Sunil Narine (AR),Eoin Morgan (UKN),Dinesh Karthik (WK),Andre Russell (AR),Pat Cummins (BL),Shivam Mavi (AR),Prasidh Krishna (BL),Varun Chakravarthy (BL)","Rahul Tripathi,Dinesh Karthik","Varun Chakravarthy,Shivam Mavi",24 April 2021 - night match (20-over match),Navdeep Singh,Sundaram Ravi,Paul Reiffel,Manu Nayyar,Yeshwant Barde
2021,1254074,Punjab Kings v Mumbai Indians,PBKS v MI,"17th Match (N), Indian Premier League at Chennai, Apr 23 2021",PBKS,MI,KXIP,BOWL FIRST,131/6,132/1,132/1,131/6,PBKS,Punjab Kings won by 9 wkts (14b rem),2021-04-23T14:00Z,2021-04-24T23:59Z,58008,"MA Chidambaram Stadium, Chepauk, Chennai",KL Rahul,Rohit Sharma,KL Rahul,"Punjab Kings 2, Mumbai Indians 0",FALSE,17.4,132,1,18,20,131,6,12,"Rahul, Gayle drag Punjab Kings to victory after bowlers strangle Mumbai Indians. Rohit Sharma's half-century, Rahul Chahar's daunting spell in vain for Mumbai","KL Rahul,Chris Gayle","Mohammed Shami,Ravi Bishnoi","KL Rahul (WK),Mayank Agarwal (UKN),Chris Gayle (AR),Deepak Hooda (AR),Nicholas Pooran (UKN),Moises Henriques (AR),Shahrukh Khan (UKN),Fabian Allen (AR),Mohammed Shami (BL),Ravi Bishnoi (BL),Arshdeep Singh (BL)","Quinton de Kock (WK),Rohit Sharma (UKN),Ishan Kishan (UKN),Suryakumar Yadav (UKN),Kieron Pollard (AR),Hardik Pandya (AR),Krunal Pandya (AR),Jayant Yadav (BL),Rahul Chahar (BL),Jasprit Bumrah (BL),Trent Boult (BL)","Rohit Sharma,Suryakumar Yadav","Rahul Chahar,Krunal Pandya",23 April 2021 - night match (20-over match),Nitin Menon,Chettithody Shamshuddin,Saiyed Khalid,Narayanan Kutty,Ulhas Gandhe
2021,1254073,Royal Challengers Bangalore v Rajasthan Royals,RCB v RR,"16th Match (N), Indian Premier League at Mumbai, Apr 22 2021",RCB,RR,RCB,BOWL FIRST,177/9,181/0,181/0,177/9,RCB,RCB won by 10 wkts (21b rem),2021-04-22T14:00Z,2021-04-23T23:59Z,58324,"Wankhede Stadium, Mumbai",Virat Kohli,Sanju Samson,Devdutt Padikkal,"Royal Challengers Bangalore 2, Rajasthan Royals 0",FALSE,16.3,181,0,26,20,177,9,25,"Padikkal 101*, Kohli 72* flatten Royals in ten-wicket win. Siraj ended with 3 for 27 that dented the Royals top order early","Devdutt Padikkal,Virat Kohli","Mohammed Siraj,Harshal Patel","Virat Kohli (UKN),Devdutt Padikkal (UKN),Glenn Maxwell (AR),AB de Villiers (WK),Washington Sundar (AR),Kyle Jamieson (BL),Shahbaz Ahmed (AR),Harshal Patel (BL),Mohammed Siraj (BL),Kane Richardson (BL),Yuzvendra Chahal (BL)","Jos Buttler (UKN),Manan Vohra (UKN),Sanju Samson (WK),David Miller (UKN),Shivam Dube (AR),Riyan Parag (UKN),Rahul Tewatia (AR),Chris Morris (AR),Shreyas Gopal (AR),Chetan Sakariya (BL),Mustafizur Rahman (BL)","Shivam Dube,Rahul Tewatia","Rahul Tewatia,Shreyas Gopal",22 April 2021 - night match (20-over match),Jayaraman Madanagopal,Sundaram Ravi,Virender Sharma,Shakti Singh,Anil Dandekar
2021,1254072,Kolkata Knight Riders v Chennai Super Kings,KKR v CSK,"15th Match (N), Indian Premier League at Mumbai, Apr 21 2021",KKR,CSK,KKR,BOWL FIRST,220/3,202,202,220/3,CSK,Super Kings won by 18 runs,2021-04-21T14:00Z,2021-04-22T23:59Z,58324,"Wankhede Stadium, Mumbai",Eoin Morgan,MS Dhoni,Faf du Plessis,"Chennai Super Kings 2, Kolkata Knight Riders 0",FALSE,19.1,202,10,30,20,220,3,31,Deepar Chahar makes it CSK's night despite stunning Andre Russell and Pat Cummins counterattacks. Chennai Super Kings' big total set up by century stand between openers Faf du Plessis and Ruturaj Gaikwad,"Pat Cummins,Andre Russell","Varun Chakravarthy,Andre Russell","Nitish Rana (UKN),Shubman Gill (UKN),Rahul Tripathi (UKN),Eoin Morgan (UKN),Sunil Narine (AR),Dinesh Karthik (WK),Andre Russell (AR),Pat Cummins (BL),Kamlesh Nagarkoti (BL),Varun Chakravarthy (BL),Prasidh Krishna (BL)","Ruturaj Gaikwad (UKN),Faf du Plessis (UKN),Moeen Ali (AR),MS Dhoni (WK),Ravindra Jadeja (AR),Suresh Raina (UKN),Ambati Rayudu (UKN),Sam Curran (AR),Shardul Thakur (BL),Deepak Chahar (BL),Lungi Ngidi (BL)","Faf du Plessis,Ruturaj Gaikwad","Deepak Chahar,Lungi Ngidi",21 April 2021 - night match (20-over match),Anil Dandekar,Paul Reiffel,Anil Chaudhary,Shakti Singh,Yeshwant Barde
2021,1254071,Punjab Kings v Sunrisers Hyderabad,PBKS v SRH,"14th Match (D/N), Indian Premier League at Chennai, Apr 21 2021",PBKS,SRH,KXIP,BAT FIRST,120,121/1,120,121/1,SRH,Sunrisers won by 9 wkts (8b rem),2021-04-21T10:00Z,2021-04-22T23:59Z,58008,"MA Chidambaram Stadium, Chepauk, Chennai",KL Rahul,David Warner,Jonny Bairstow,"Sunrisers Hyderabad 2, Punjab Kings 0",FALSE,19.4,120,10,9,18.4,121,1,10,"Sunrisers finally seal a chase as bowlers, Bairstow shine. The Sunrisers earned their first win after their spinners strangled the Punjab Kings","Shahrukh Khan,Mayank Agarwal","Fabian Allen,Murugan Ashwin","KL Rahul (WK),Mayank Agarwal (UKN),Chris Gayle (AR),Nicholas Pooran (UKN),Deepak Hooda (AR),Moises Henriques (AR),Shahrukh Khan (UKN),Fabian Allen (AR),Murugan Ashwin (BL),Mohammed Shami (BL),Arshdeep Singh (BL)","David Warner (UKN),Jonny Bairstow (WK),Kane Williamson (UKN),Virat Singh (UKN),Kedar Jadhav (AR),Vijay Shankar (AR),Abhishek Sharma (AR),Rashid Khan (BL),Bhuvneshwar Kumar (BL),Siddarth Kaul (BL),Khaleel Ahmed (BL)","Jonny Bairstow,David Warner","Khaleel Ahmed,Abhishek Sharma",21 April 2021 - day/night match (20-over match),Nitin Menon,Krishnamachari Srinivasan,KN Ananthapadmanabhan,Sunil Chaturvedi,Saiyed Khalid
2021,1254070,Delhi Capitals v Mumbai Indians,DC v MI,"13th Match (N), Indian Premier League at Chennai, Apr 20 2021",DC,MI,MI,BAT FIRST,137/9,138/4,138/4,137/9,DC,Capitals won by 6 wkts (5b rem),2021-04-20T14:00Z,2021-04-21T23:59Z,58008,"MA Chidambaram Stadium, Chepauk, Chennai",Rishabh Pant,Rohit Sharma,Amit Mishra,"Delhi Capitals 2, Mumbai Indians 0",FALSE,19.1,138,4,15,20,137,9,14,"Amit Mishra four-for leads Delhi Capitals to jinx-breaking win over Mumbai Indians. Dhawan continues to be the Capitals' premier batsman, guiding the tricky chase with a 42-ball 45","Shikhar Dhawan,Steven Smith","Amit Mishra,Avesh Khan","Prithvi Shaw (UKN),Shikhar Dhawan (UKN),Steven Smith (UKN),Lalit Yadav (AR),Rishabh Pant (WK),Shimron Hetmyer (UKN),Marcus Stoinis (UKN),Ravichandran Ashwin (AR),Kagiso Rabada (BL),Avesh Khan (BL),Amit Mishra (BL)","Rohit Sharma (UKN),Quinton de Kock (WK),Suryakumar Yadav (UKN),Ishan Kishan (UKN),Hardik Pandya (AR),Krunal Pandya (AR),Kieron Pollard (AR),Jayant Yadav (BL),Rahul Chahar (BL),Jasprit Bumrah (BL),Trent Boult (BL)","Rohit Sharma,Ishan Kishan","Jayant Yadav,Kieron Pollard",20 April 2021 - night match (20-over match),Chris Gaffaney,Chettithody Shamshuddin,Ulhas Gandhe,Narayanan Kutty,Tapan Sharma
2021,1254069,Chennai Super Kings v Rajasthan Royals,CSK v RR,"12th Match (N), Indian Premier League at Mumbai, Apr 19 2021",CSK,RR,RR,BOWL FIRST,188/9,143/9,188/9,143/9,CSK,Super Kings won by 45 runs,2021-04-19T14:00Z,2021-04-20T23:59Z,58324,"Wankhede Stadium, Mumbai",MS Dhoni,Sanju Samson,Moeen Ali,"Chennai Super Kings 2, Rajasthan Royals 0",FALSE,20,188,9,22,20,143,9,16,"Batting depth, spin twins Moeen Ali and Ravindra Jadeja seal it for Chennai Super Kings. With Royals slipping from 87 for 2 to 95 for 7, they were beaten long before the match ended","Faf du Plessis,Ambati Rayudu","Moeen Ali,Sam Curran","Ruturaj Gaikwad (UKN),Faf du Plessis (UKN),Moeen Ali (AR),Suresh Raina (UKN),Ambati Rayudu (UKN),Ravindra Jadeja (AR),MS Dhoni (WK),Sam Curran (AR),Dwayne Bravo (AR),Shardul Thakur (BL),Deepak Chahar (BL)","Jos Buttler (UKN),Manan Vohra (UKN),Sanju Samson (WK),Shivam Dube (AR),David Miller (UKN),Riyan Parag (UKN),Rahul Tewatia (AR),Chris Morris (AR),Jaydev Unadkat (BL),Chetan Sakariya (BL),Mustafizur Rahman (BL)","Jos Buttler,Jaydev Unadkat","Chetan Sakariya,Chris Morris",19 April 2021 - night match (20-over match),Paul Reiffel,Virender Sharma,Yeshwant Barde,Prakash Bhatt,Navdeep Singh
2021,1254068,Delhi Capitals v Punjab Kings,DC v PBKS,"11th Match (N), Indian Premier League at Mumbai, Apr 18 2021",DC,PBKS,DC,BOWL FIRST,195/4,198/4,198/4,195/4,DC,Capitals won by 6 wkts (10b rem),2021-04-18T14:00Z,2021-04-19T23:59Z,58324,"Wankhede Stadium, Mumbai",Rishabh Pant,KL Rahul,Shikhar Dhawan,"Delhi Capitals 2, Punjab Kings 0",FALSE,18.2,198,4,27,20,195,4,27,"Dhawan 92 trumps Agarwal, Rahul fifties as Delhi Capitals cruise past big target. Punjab Kings suffered a six-wicket defeat in Mumbai, their 196 target proving insufficient","Shikhar Dhawan,Prithvi Shaw","Avesh Khan,Lukman Meriwala","Prithvi Shaw (UKN),Shikhar Dhawan (UKN),Steven Smith (UKN),Rishabh Pant (WK),Marcus Stoinis (UKN),Lalit Yadav (AR),Lukman Meriwala (BL),Chris Woakes (AR),Ravichandran Ashwin (AR),Kagiso Rabada (BL),Avesh Khan (BL)","KL Rahul (WK),Mayank Agarwal (UKN),Chris Gayle (AR),Deepak Hooda (AR),Nicholas Pooran (UKN),Shahrukh Khan (UKN),Jalaj Saxena (AR),Jhye Richardson (BL),Mohammed Shami (BL),Riley Meredith (BL),Arshdeep Singh (BL)","Mayank Agarwal,KL Rahul","Jhye Richardson,Arshdeep Singh",18 April 2021 - night match (20-over match),Anil Chaudhary,Paul Reiffel,Sundaram Ravi,Manu Nayyar,Jayaraman Madanagopal
2021,1254067,Royal Challengers Bangalore v Kolkata Knight Riders,RCB v KKR,"10th Match (D/N), Indian Premier League at Chennai, Apr 18 2021",RCB,KKR,RCB,BAT FIRST,204/4,166/8,204/4,166/8,RCB,RCB won by 38 runs,2021-04-18T10:00Z,2021-04-19T23:59Z,58008,"MA Chidambaram Stadium, Chepauk, Chennai",Virat Kohli,Eoin Morgan,AB de Villiers,"Royal Challengers Bangalore 2, Kolkata Knight Riders 0",FALSE,20,204,4,29,20,166,8,23,AB de Villiers and Glenn Maxwell make it three out of three for RCB. A number of KKR batsmen got off to starts but no one stayed long enough in a chase of 205,"Glenn Maxwell,AB de Villiers","Kyle Jamieson,Harshal Patel","Virat Kohli (UKN),Devdutt Padikkal (UKN),Rajat Patidar (UKN),Glenn Maxwell (AR),AB de Villiers (WK),Kyle Jamieson (BL),Washington Sundar (AR),Shahbaz Ahmed (AR),Harshal Patel (BL),Mohammed Siraj (BL),Yuzvendra Chahal (BL)","Nitish Rana (UKN),Shubman Gill (UKN),Rahul Tripathi (UKN),Eoin Morgan (UKN),Dinesh Karthik (WK),Shakib Al Hasan (AR),Andre Russell (AR),Pat Cummins (BL),Harbhajan Singh (BL),Varun Chakravarthy (BL),Prasidh Krishna (BL)","Andre Russell,Eoin Morgan","Varun Chakravarthy,Prasidh Krishna",18 April 2021 - day/night match (20-over match),Nitin Menon,Chettithody Shamshuddin,Chris Gaffaney,Narayanan Kutty,Krishnamachari Srinivasan
2021,1254066,Mumbai Indians v Sunrisers Hyderabad,MI v SRH,"9th Match (N), Indian Premier League at Chennai, Apr 17 2021",MI,SRH,MI,BAT FIRST,150/5,137,150/5,137,MI,Mumbai won by 13 runs,2021-04-17T14:00Z,2021-04-18T23:59Z,58008,"MA Chidambaram Stadium, Chepauk, Chennai",Rohit Sharma,David Warner,Kieron Pollard,"Mumbai Indians 2, Sunrisers Hyderabad 0",FALSE,20,150,5,16,19.4,137,10,15,"Chahar, Boult, Bumrah keep Sunrisers winless by defending 150. Pollard's unbeaten 35 off 22 gave Mumbai a respectable total","Quinton de Kock,Kieron Pollard","Rahul Chahar,Trent Boult","Quinton de Kock (WK),Rohit Sharma (UKN),Suryakumar Yadav (UKN),Ishan Kishan (UKN),Kieron Pollard (AR),Hardik Pandya (AR),Krunal Pandya (AR),Adam Milne (BL),Rahul Chahar (BL),Jasprit Bumrah (BL),Trent Boult (BL)","David Warner (UKN),Jonny Bairstow (WK),Manish Pandey (UKN),Virat Singh (UKN),Vijay Shankar (AR),Abhishek Sharma (AR),Abdul Samad (UKN),Rashid Khan (BL),Bhuvneshwar Kumar (BL),Mujeeb Ur Rahman (BL),Khaleel Ahmed (BL)","Jonny Bairstow,David Warner","Vijay Shankar,Mujeeb Ur Rahman",17 April 2021 - night match (20-over match),Chris Gaffaney,Krishnamachari Srinivasan,KN Ananthapadmanabhan,Sunil Chaturvedi,Tapan Sharma
2021,1254065,Punjab Kings v Chennai Super Kings,PBKS v CSK,"8th Match (N), Indian Premier League at Mumbai, Apr 16 2021",PBKS,CSK,CSK,BOWL FIRST,106/8,107/4,106/8,107/4,CSK,Super Kings won by 6 wkts (26b rem),2021-04-16T14:00Z,2021-04-17T23:59Z,58324,"Wankhede Stadium, Mumbai",KL Rahul,MS Dhoni,Deepak Chahar,"Chennai Super Kings 2, Punjab Kings 0",FALSE,20,106,8,12,15.4,107,4,14,Deepak Chahar's 4 for 13 sets up big CSK win. Punjab Kings never recovered after being 26 for 5 in the seventh over,"Shahrukh Khan,Jhye Richardson","Mohammed Shami,Arshdeep Singh","KL Rahul (WK),Mayank Agarwal (UKN),Chris Gayle (AR),Deepak Hooda (AR),Nicholas Pooran (UKN),Shahrukh Khan (UKN),Jhye Richardson (BL),Murugan Ashwin (BL),Mohammed Shami (BL),Riley Meredith (BL),Arshdeep Singh (BL)","Ruturaj Gaikwad (UKN),Faf du Plessis (UKN),Moeen Ali (AR),Suresh Raina (UKN),Ambati Rayudu (UKN),Sam Curran (AR),Ravindra Jadeja (AR),MS Dhoni (WK),Dwayne Bravo (AR),Shardul Thakur (BL),Deepak Chahar (BL)","Moeen Ali,Faf du Plessis","Deepak Chahar,Dwayne Bravo",16 April 2021 - night match (20-over match),Anil Chaudhary,Anil Dandekar,Virender Sharma,Prakash Bhatt,Navdeep Singh
2021,1254064,Rajasthan Royals v Delhi Capitals,RR v DC,"7th Match (N), Indian Premier League at Mumbai, Apr 15 2021",RR,DC,RR,BOWL FIRST,147/8,150/7,150/7,147/8,RR,Royals won by 3 wkts (2b rem),2021-04-15T14:00Z,2021-04-16T23:59Z,58324,"Wankhede Stadium, Mumbai",Sanju Samson,Rishabh Pant,Jaydev Unadkat,"Rajasthan Royals 2, Delhi Capitals 0",FALSE,19.4,150,7,19,20,147,8,20,"David Miller and Chris Morris haul Rajasthan Royals home in tense chase. Chasing 148, the Royals came back from the brink, having been 104 for 7 at one stage","David Miller,Chris Morris","Jaydev Unadkat,Mustafizur Rahman","Jos Buttler (UKN),Manan Vohra (UKN),Sanju Samson (WK),Shivam Dube (AR),David Miller (UKN),Riyan Parag (UKN),Rahul Tewatia (AR),Chris Morris (AR),Jaydev Unadkat (BL),Chetan Sakariya (BL),Mustafizur Rahman (BL)","Prithvi Shaw (UKN),Shikhar Dhawan (UKN),Ajinkya Rahane (UKN),Rishabh Pant (WK),Marcus Stoinis (UKN),Lalit Yadav (AR),Tom Curran (AR),Chris Woakes (AR),Ravichandran Ashwin (AR),Kagiso Rabada (BL),Avesh Khan (BL)","Rishabh Pant,Tom Curran","Avesh Khan,Chris Woakes",15 April 2021 - night match (20-over match),Sundaram Ravi,Virender Sharma,Anil Chaudhary,Shakti Singh,Jayaraman Madanagopal
2021,1254063,Sunrisers Hyderabad v Royal Challengers Bangalore,SRH v RCB,"6th Match (N), Indian Premier League at Chennai, Apr 14 2021",SRH,RCB,SRH,BOWL FIRST,149/8,143/9,143/9,149/8,RCB,RCB won by 6 runs,2021-04-14T14:00Z,2021-04-15T23:59Z,58008,"MA Chidambaram Stadium, Chepauk, Chennai",David Warner,Virat Kohli,Glenn Maxwell,"Royal Challengers Bangalore 2, Sunrisers Hyderabad 0",FALSE,20,143,9,15,20,149,8,18,"Shahbaz grabs victory for Royal Challengers with three-wicket over. Sunrisers Hyderabad were 115 for 2, needing 35 from 24, before things fell apart quickly","David Warner,Manish Pandey","Jason Holder,Rashid Khan","Wriddhiman Saha (WK),David Warner (UKN),Manish Pandey (UKN),Jonny Bairstow (UKN),Abdul Samad (UKN),Vijay Shankar (AR),Jason Holder (AR),Rashid Khan (BL),Bhuvneshwar Kumar (BL),Shahbaz Nadeem (BL),T Natarajan (BL)","Virat Kohli (UKN),Devdutt Padikkal (UKN),Shahbaz Ahmed (AR),Glenn Maxwell (AR),AB de Villiers (WK),Washington Sundar (AR),Dan Christian (AR),Kyle Jamieson (BL),Harshal Patel (BL),Mohammed Siraj (BL),Yuzvendra Chahal (BL)","Glenn Maxwell,Virat Kohli","Shahbaz Ahmed,Mohammed Siraj",14 April 2021 - night match (20-over match),Ulhas Gandhe,Nitin Menon,Chettithody Shamshuddin,Narayanan Kutty,Tapan Sharma
2021,1254062,Kolkata Knight Riders v Mumbai Indians,KKR v MI,"5th Match (N), Indian Premier League at Chennai, Apr 13 2021",KKR,MI,KKR,BOWL FIRST,152,142/7,142/7,152,MI,Mumbai won by 10 runs,2021-04-13T14:00Z,2021-04-14T23:59Z,58008,"MA Chidambaram Stadium, Chepauk, Chennai",Eoin Morgan,Rohit Sharma,Rahul Chahar,"Mumbai Indians 2, Kolkata Knight Riders 0",FALSE,20,142,7,17,20,152,10,19,"Rahul Chahar, Suryakumar Yadav, Trent Boult star as Mumbai Indians pull off unlikely win. Knight Riders paid the price for ultra-aggression, collapsing from 104 for 2 to 142 for 7","Nitish Rana,Shubman Gill","Andre Russell,Pat Cummins","Nitish Rana (UKN),Shubman Gill (UKN),Rahul Tripathi (UKN),Eoin Morgan (UKN),Shakib Al Hasan (AR),Dinesh Karthik (WK),Andre Russell (AR),Pat Cummins (BL),Harbhajan Singh (BL),Varun Chakravarthy (BL),Prasidh Krishna (BL)","Rohit Sharma (UKN),Quinton de Kock (WK),Suryakumar Yadav (UKN),Ishan Kishan (UKN),Hardik Pandya (AR),Kieron Pollard (AR),Krunal Pandya (AR),Marco Jansen (AR),Rahul Chahar (BL),Jasprit Bumrah (BL),Trent Boult (BL)","Suryakumar Yadav,Rohit Sharma","Rahul Chahar,Trent Boult",13 April 2021 - night match (20-over match),Chris Gaffaney,Chettithody Shamshuddin,KN Ananthapadmanabhan,Sunil Chaturvedi,Saiyed Khalid
2021,1254061,Rajasthan Royals v Punjab Kings,RR v PBKS,"4th Match (N), Indian Premier League at Mumbai, Apr 12 2021",RR,PBKS,RR,BOWL FIRST,221/6,217/7,217/7,221/6,PBKS,Punjab Kings won by 4 runs,2021-04-12T14:00Z,2021-04-13T23:59Z,58324,"Wankhede Stadium, Mumbai",Sanju Samson,KL Rahul,Sanju Samson,"Punjab Kings 2, Rajasthan Royals 0",FALSE,20,217,7,33,20,221,6,31,Punjab Kings snatch thrilling victory as KL Rahul 91 trumps Sanju Samson 119. Arshdeep Singh holds nerve in final over to have Samson caught on boundary off the final ball with Royals needing a six,"Sanju Samson,Jos Buttler","Chetan Sakariya,Chris Morris","Ben Stokes (AR),Manan Vohra (UKN),Sanju Samson (WK),Jos Buttler (UKN),Shivam Dube (AR),Riyan Parag (UKN),Rahul Tewatia (AR),Chris Morris (AR),Shreyas Gopal (AR),Chetan Sakariya (BL),Mustafizur Rahman (BL)","KL Rahul (WK),Mayank Agarwal (UKN),Chris Gayle (AR),Deepak Hooda (AR),Nicholas Pooran (UKN),Shahrukh Khan (UKN),Jhye Richardson (BL),Murugan Ashwin (BL),Mohammed Shami (BL),Riley Meredith (BL),Arshdeep Singh (BL)","KL Rahul,Deepak Hooda","Arshdeep Singh,Mohammed Shami",12 April 2021 - night match (20-over match),Anil Chaudhary,Sundaram Ravi,Virender Sharma,Manu Nayyar,Yeshwant Barde
2021,1254060,Sunrisers Hyderabad v Kolkata Knight Riders,SRH v KKR,"3rd Match (N), Indian Premier League at Chennai, Apr 11 2021",SRH,KKR,SRH,BOWL FIRST,187/6,177/5,177/5,187/6,KKR,KKR won by 10 runs,2021-04-11T14:00Z,2021-04-12T23:59Z,58008,"MA Chidambaram Stadium, Chepauk, Chennai",David Warner,Eoin Morgan,Nitish Rana,"Kolkata Knight Riders 2, Sunrisers Hyderabad 0",FALSE,20,177,5,19,20,187,6,26,"Rana, Tripathi, Prasidh star in KKR's opening win. KKR's quicks produced the big wickets and their spinners stifled the Sunrisers Hyderabad batsmen","Manish Pandey,Jonny Bairstow","Rashid Khan,Mohammad Nabi","Wriddhiman Saha (WK),David Warner (UKN),Manish Pandey (UKN),Jonny Bairstow (UKN),Mohammad Nabi (AR),Vijay Shankar (AR),Abdul Samad (UKN),Rashid Khan (BL),Bhuvneshwar Kumar (BL),Sandeep Sharma (BL),T Natarajan (BL)","Nitish Rana (UKN),Shubman Gill (UKN),Rahul Tripathi (UKN),Andre Russell (AR),Eoin Morgan (UKN),Dinesh Karthik (WK),Shakib Al Hasan (AR),Pat Cummins (BL),Harbhajan Singh (BL),Varun Chakravarthy (BL),Prasidh Krishna (BL)","Nitish Rana,Rahul Tripathi","Prasidh Krishna,Pat Cummins",11 April 2021 - night match (20-over match),KN Ananthapadmanabhan,Nitin Menon,Chris Gaffaney,Narayanan Kutty,Saiyed Khalid
2021,1254059,Chennai Super Kings v Delhi Capitals,CSK v DC,"2nd Match (N), Indian Premier League at Mumbai, Apr 10 2021",CSK,DC,DC,BOWL FIRST,188/7,190/3,188/7,190/3,DC,Capitals won by 7 wkts (8b rem),2021-04-10T14:00Z,2021-04-11T23:59Z,58324,"Wankhede Stadium, Mumbai",MS Dhoni,Rishabh Pant,Shikhar Dhawan,"Delhi Capitals 2, Chennai Super Kings 0",FALSE,20,188,7,26,18.4,190,3,29,,"Suresh Raina,Moeen Ali","Shardul Thakur,Dwayne Bravo","Ruturaj Gaikwad (UKN),Faf du Plessis (UKN),Moeen Ali (AR),Suresh Raina (UKN),Ambati Rayudu (UKN),Ravindra Jadeja (AR),MS Dhoni (WK),Sam Curran (AR),Dwayne Bravo (AR),Shardul Thakur (BL),Deepak Chahar (BL)","Prithvi Shaw (UKN),Shikhar Dhawan (UKN),Rishabh Pant (WK),Marcus Stoinis (UKN),Shimron Hetmyer (UKN),Ajinkya Rahane (UKN),Chris Woakes (AR),Tom Curran (AR),Ravichandran Ashwin (AR),Amit Mishra (BL),Avesh Khan (BL)","Shikhar Dhawan,Prithvi Shaw","Avesh Khan,Chris Woakes",10 April 2021 - night match (20-over match),Anil Chaudhary,Virender Sharma,Sundaram Ravi,Manu Nayyar,Anil Dandekar
2021,1254058,Mumbai Indians v Royal Challengers Bangalore,MI v RCB,"1st Match (N), Indian Premier League at Chennai, Apr 9 2021",MI,RCB,RCB,BOWL FIRST,159/9,160/8,159/9,160/8,RCB,RCB won by 2 wkts (0b rem),2021-04-09T14:00Z,2021-04-10T23:59Z,58008,"MA Chidambaram Stadium, Chepauk, Chennai",Rohit Sharma,Virat Kohli,Harshal Patel,"Royal Challengers Bangalore 2, Mumbai Indians 0",FALSE,20,159,9,21,20,160,8,16,,"Chris Lynn,Suryakumar Yadav","Jasprit Bumrah,Marco Jansen","Rohit Sharma (UKN),Chris Lynn (UKN),Suryakumar Yadav (UKN),Ishan Kishan (WK),Hardik Pandya (AR),Kieron Pollard (AR),Krunal Pandya (AR),Marco Jansen (AR),Rahul Chahar (BL),Jasprit Bumrah (BL),Trent Boult (BL)","Washington Sundar (AR),Virat Kohli (UKN),Rajat Patidar (UKN),Glenn Maxwell (AR),AB de Villiers (WK),Shahbaz Ahmed (AR),Dan Christian (AR),Kyle Jamieson (BL),Harshal Patel (BL),Mohammed Siraj (BL),Yuzvendra Chahal (BL)","AB de Villiers,Glenn Maxwell","Harshal Patel,Washington Sundar",9 April 2021 - night match (20-over match),KN Ananthapadmanabhan,Nitin Menon,Chettithody Shamshuddin,Narayanan Kutty,Ulhas Gandhe